	Color	Material	Finish
2119-sectional	Grey/Silver	Top-grain Leather Front/Eco Leather Back	N/A
2119-ottoman	Grey/Silver	Top-grain Leather Front/Eco Leather Back	N/A
2119-ottoman	Grey/Silver	Top-grain Leather Front/Eco Leather Back	N/A
2119-chair	Grey/Silver	Top-grain Leather Front/Eco Leather Back	N/A
2383-sectional	White	Top-grain Leather Front/Eco Leather Back	N/A
2383-sectional	White	Top-grain Leather Front/Eco Leather Back	N/A
430-sectional	White	Top-grain Leather Front/Eco Leather Back	N/A
430-sectional	White	Top-grain Leather Front/Eco Leather Back	N/A
430-coffee-table	White	Top-grain Leather Front/Eco Leather Back	N/A
950-sectional	Brown/Wenge/Walnut	Top-grain Leather Front/Eco Leather Back	N/A
950-sectional	Brown/Wenge/Walnut	Top-grain Leather Front/Eco Leather Back	N/A
2605-sectional	Brown/Wenge/Walnut	Top-grain Leather Front/Eco Leather Back	N/A
2119-sectional	White	Top-grain Leather Front/Eco Leather Back	N/A
2119-sectional	White	Top-grain Leather Front/Eco Leather Back	N/A
2119-chair	White	Top-grain Leather Front/Eco Leather Back	N/A
2119-wedge	White	Top-grain Leather Front/Eco Leather Back	N/A
apolo-sectional	Black	Top-grain Leather Front/Split Leather Back	N/A
apolo-sectional	Black	Top-grain Leather Front/Split Leather Back	N/A
2144-sectional-with-recliner	Brown/Wenge/Walnut	Top-grain Leather Front/Eco Leather Back	N/A
2144-sectional-with-recliner	Brown/Wenge/Walnut	Top-grain Leather Front/Eco Leather Back	N/A
2144-ottoman	Brown/Wenge/Walnut	Top-grain Leather Front/Eco Leather Back	N/A
2566-sectional	Grey/Silver	Top-grain Leather Front/Eco Leather Back	N/A
argento-sectional-with-bed-and-storage	Brown/Wenge/Walnut	Full Top-grain Leather	N/A
2347-sectional	Black	Top-grain Leather Front/Eco Leather Back	N/A
2347-sectional	Black	Top-grain Leather Front/Eco Leather Back	N/A
533-sectional	Red/Orange/Mahogany/Pink/Purple	Top-grain Leather Front/Eco Leather Back	N/A
2931-sectional-with-recliners	White	Top-grain Leather Front/Eco Leather Back	N/A
apolo-sectional	White, Light Beige	Top-grain Leather Front/Split Leather Back	Shiny
apolo-sectional	White, Light Beige	Top-grain Leather Front/Split Leather Back	Shiny
312-sectional-with-bed-and-recliner	Black, Grey/Silver	Top-grain Leather Front/Eco Leather Back	N/A
312-sectional-with-bed-and-recliner	Black, Grey/Silver	Top-grain Leather Front/Eco Leather Back	N/A
9180-sectional	Green, Grey/Silver	Top-grain Leather Front/Eco Leather Back	N/A
bergamo-sectional	Light Beige	Fabric, Stainless Steel	N/A
2711-sectional-with-recliners	Black, Grey/Silver	Top-grain Leather Front/Eco Leather Back	N/A
2711-sectional-with-recliners	Black, Grey/Silver	Top-grain Leather Front/Eco Leather Back	N/A
445-sectional	Brown/Wenge/Walnut	Top-grain Leather Front/Eco Leather Back	N/A
445-sectional	Brown/Wenge/Walnut	Top-grain Leather Front/Eco Leather Back	N/A
apolo-sectional	White, Light Beige	Top-grain Leather Front/Split Leather Back	N/A
apolo-sectional	White, Light Beige	Top-grain Leather Front/Split Leather Back	N/A
760-sectional-with-recliner	Brown/Wenge/Walnut, Light Beige	Top-grain Leather Front/Eco Leather Back	N/A
760-sectional-with-recliner	Brown/Wenge/Walnut, Light Beige	Top-grain Leather Front/Eco Leather Back	N/A
camino-sectional-with-bed	Black	Full Top-grain Leather	N/A
951-sectional-with-recliners	Grey/Silver, Light Beige	Top-grain Leather Front/Eco Leather Back	N/A
8312-sectional	Brown/Wenge/Walnut	Top-grain Leather Front/Eco Leather Back	N/A
8312-sectional	Brown/Wenge/Walnut	Top-grain Leather Front/Eco Leather Back	N/A
massimo-sectional	White, Grey/Silver, Light Beige	Full Top-grain Leather, Solid Wood	N/A
blackberry-chair	Grey/Silver	Fabric	N/A
blackberry-sectional	Grey/Silver	Fabric	N/A
2146-sectional-with-recliner	Brown/Wenge/Walnut	Top-grain Leather Front/Eco Leather Back	N/A
2146-sectional-with-recliner	Brown/Wenge/Walnut	Top-grain Leather Front/Eco Leather Back	N/A
apolo-sectional	Brown/Wenge/Walnut	Top-grain Leather Front/Split Leather Back	N/A
apolo-sectional	Brown/Wenge/Walnut	Top-grain Leather Front/Split Leather Back	N/A
coco-sectional	Grey/Silver	Full Top-grain Leather	N/A
ella-sectional-with-bed-and-storage	White, Grey/Silver, Light Beige	Full Top-grain Leather	N/A
2119-sectional	Grey/Silver	Top-grain Leather Front/Eco Leather Back	N/A
6028-sectional	White, Special Order Colors, Brown/Wenge/Walnut	Top-grain Leather Front/Split Leather Back, Special Order Materials	N/A
6311-sectional	Black, Blue, Grey/Silver	Top-grain Leather Front/Eco Leather Back	N/A
6311-sectional	Black, Blue, Grey/Silver	Top-grain Leather Front/Eco Leather Back	N/A
468-sectional-with-recliner	Brown/Wenge/Walnut	Top-grain Leather Front/Eco Leather Back	N/A
468-sectional-with-recliner	Brown/Wenge/Walnut	Top-grain Leather Front/Eco Leather Back	N/A
summer-sectional	Blue, Brown/Wenge/Walnut	Fabric, MDF	N/A
2619-power-reclining-chair	Grey/Silver	Top-grain Leather Front/Eco Leather Back	N/A
2619-power-reclining-loveseat	Grey/Silver	Top-grain Leather Front/Eco Leather Back	N/A
2619-power-reclining-sofa	Grey/Silver	Top-grain Leather Front/Eco Leather Back	N/A
air-sectional	Brown/Wenge/Walnut	Fabric	N/A
viral-sectional-with-recliner	Grey/Silver	Fabric	N/A
viral-sectional-with-recliner	Grey/Silver	Fabric	N/A
camelia-sectional-with-bed-and-storage	Grey/Silver	Full Top-grain Leather	N/A
camelia-sectional-with-bed-and-storage	Grey/Silver	Full Top-grain Leather	N/A
1822-sectional-with-bed	Green, Brown/Wenge/Walnut, Grey/Silver	Top-grain Leather Front/Eco Leather Back	Mat
bloom-sectional-with-bed-and-storage	Blue	Fabric	N/A
1807-sectional	Grey/Silver	Top-grain Leather Front/Eco Leather Back	Mat
happy-sectional-with-bed	Grey/Silver	Fabric, Metal	N/A
2901-sectional-with-recliner	Grey/Silver	Top-grain Leather Front/Eco Leather Back	N/A