Given SKU	Chosen Collection Name	Given Description	Handle Suffix	Chosen Handle
U6293-BL-CH (M)	n/a	CHAIR NATALIE BLACK	n/a	natalie-chair
U6293-DG-CH (M)	n/a	CHAIR NATALIE DARK GREY	n/a	natalie-chair
U6293-R-CH (M)	n/a	CHAIR NATALIE RED	n/a	natalie-chair
U6293-WH-CH (M)	n/a	CHAIR NATALIE WHITE	n/a	natalie-chair
U0070-RS	n/a	RECLINING SOFA	n/a	grace-reclining-sofa
U0070-CRLS	n/a	CONSOLE RECLINING LOVESEAT	n/a	grace-reclining-loveseat-with-cupholder-console
U0070-GR	n/a	GLIDER RECLINER	n/a	grace-reclining-chair
U3118C - SUBARU COFFEE - RS W/ DDT	n/a	RECLINING SOFA W/ DROP DOWN TABLE	n/a	garren-reclining-sofa-with-dropdown-table
U3118C - SUBARU COFFEE - CRLS	n/a	CONSOLE RECLINING LOVESEAT	n/a	garren-reclining-loveseat-with-cupholder-console
U3118C - SUBARU COFFEE - GR	n/a	GLIDER RECLINER	n/a	garren-reclining-chair
U1058KD-S	n/a	SOFA	n/a	gabriella-sofa
U1058KD-L	n/a	LOVESEAT	n/a	gabriella-loveseat
U1058KD-CH	n/a	CHAIR	n/a	gabriella-chair
U1706 - NIGHT RANGE CHOCOLATE - PRS W/ DDT & PHR	n/a	POWER RECLINING SOFA W/ DDT, POWER HEADREST, & USB	n/a	gabrielle-power-reclining-sofa-with-power-adjusting-headrest
U1706 - NIGHT RANGE CHOCOLATE - PCRLS W/ PHR	n/a	POWER RECLINING LOVESEAT W/ DDT, POWER HEADREST, & USB	n/a	gabrielle-power-reclining-loveseat-with-power-adjusting-headrest
  U1706 - NIGHT RANGE CHOCOLATE - PGR W/ PHR 	n/a	POWER RECLINER W/POWER HEADREST, & USB	n/a	gabrielle-power-reclining-chair-with-power-adjusting-headrest
U559-LV-S	n/a	SOFA	n/a	genevieve-sofa
U559-LV-L	n/a	LOVESEAT	n/a	genevieve-loveseat
U559-LV-CH	n/a	CHAIR	n/a	genevieve-chair
U8141-LT GREY-S	n/a	SOFA	n/a	giselle-sofa
U8141-LT GREY-L	n/a	LOVESEAT	n/a	giselle-loveseat
U8141-LT GREY-CH	n/a	CHAIR	n/a	giselle-chair
U8210 - PLUTO WHITE - SOFA(M)	n/a	SOFA	n/a	gloria-sofa
U8210 - PLUTO WHITE - LOVESEAT(M)	n/a	LOVESEAT	n/a	gloria-loveseat
U8210 - PLUTO WHITE - CHAIR(M)	n/a	CHAIR	n/a	gloria-chair
U8351-S 	n/a	SOFA	n/a	gwyndolin-sofa
U8351-LS 	n/a	LOVESEAT	n/a	gwyndolin-loveseat
U8351-CH	n/a	CHAIR	n/a	gwyndolin-chair
U9908-BL-S W/LEGS (M)	n/a	SOFA W/LEGS	n/a	gabriela-sofa
U9908-BL-S (M)	n/a	SOFA	n/a	
U9908-S-L	n/a	 SOFA LEGS	n/a	
U9908-BL-L W/LEGS (M)	n/a	LOVESEAT W/LEGS	n/a	gabriela-loveseat
U9908-BL-L (M)	n/a	LOVESEAT	n/a	
U9908-L-L	n/a	 LOVESEAT LEGS	n/a	
U9908-BL-CH W/LEGS (M)	n/a	CHAIR W/LEGS	n/a	gabriela-chair
U9908-BL-CH (M)	n/a	CHAIR	n/a	
U9908-CH-L	n/a	 CHAIR LEGS	n/a	
U0040 - RS (M)	n/a	RECLINING SOFA	n/a	gia-reclining-sofa
U0040 - CRLS (M)	n/a	CONSOLE RECLINING LOVESEAT	n/a	gia-reclining-loveseat-with-cupholder-console
U0040 - GR (M) 	n/a	GLIDER RECLINER	n/a	gia-reclining-chair
U0040-ESPRESSO-RS	n/a	RECLINING SOFA	n/a	gia-reclining-sofa
U0040-ESPRESSO-CRLS	n/a	CONSOLE RECLINING LOVESEAT	n/a	gia-reclining-loveseat-with-cupholder-console
U0040-ESPRESSO-GR	n/a	GLIDER RECLINER	n/a	gia-reclining-chair
U7303C-RS W/DDT (SP)	n/a	RECLINING SOFA W/DDT	n/a	giada-reclining-sofa
U7303C-CRLS W/DRAWER (SP) 	n/a	CONSOLE LOVESEAT W/DROP DOWN TABLE & DRAWER	n/a	giada-loveseat-with-cupholder-console
U7303C-GIN RUMMY CHARCOAL-GRC (SP)	n/a	GLIDER RECLINER	n/a	giada-reclining-chair
U9303C-BR-R/S W/CONTRAST STITCHING(M) (SP)	n/a	RECLINING SOFA	n/a	gwendolyn-reclining-sofa
U9303C-BR-R/L W/CONTRAST STITCHING(M) (SP)	n/a	RECLINING LOVESEAT	n/a	gwendolyn-reclining-loveseat
U9303C-BR-G/R W/CONTRAST STITCHING(M) (SP)	n/a	GLIDER RECLINER	n/a	gwendolyn-reclining-chair
U8311-BLANCHE WHITE-PRS	n/a	POWER RECLINING SOFA BLANCHE WHITE	n/a	gracie-power-reclining-sofa
U8311-BLANCHE WHITE-PCRLS	n/a	POWER CONSOLE RECLINING LOVESEAT BLANCHE WHITE	n/a	gracie-power-reclining-loveseat-with-cupholder-console
U8311-BLANCHE WHITE-PR	n/a	POWER RECLINER BLANCHE WHITE	n/a	gracie-power-reclining-chair
U8311-BLANCHE BLACK-PRS	n/a	POWER RECLINING SOFA BLANCHE BLACK	n/a	gracie-power-reclining-sofa
U8311-BLANCHE BLACK-PCRLS	n/a	POWER CONSOLE RECLINING LOVESEAT BLANCHE BLACK	n/a	gracie-power-reclining-loveseat-with-cupholder-console
U8311-BLANCHE BLACK-PR	n/a	POWER RECLINER BLANCHE BLACK	n/a	gracie-power-reclining-chair
U8311-BLUE VELVET-PRS	n/a	POWER RECLINING SOFA BLUE VELVET (HLR-64)	n/a	gracie-power-reclining-sofa
U8311-BLUE VELVET-PCRLS	n/a	POWER CONSOLE RECLINING LOVESEAT BLUE VELVET (HLR-64)	n/a	gracie-power-reclining-loveseat-with-cupholder-console
U8311-BLUE VELVET-PR	n/a	POWER RECLINER BLUE VELVET (HLR-64)	n/a	gracie-power-reclining-chair
U17016-AGNES COFFEE-CH	n/a	CHAIR AGNES COFFEE	n/a	agnes-chair
U17016-AGNES COFFEE-LS	n/a	LOVESEAT AGNES COFFEE	n/a	agnes-loveseat
U17016-AGNES COFFEE-S	n/a	SOFA AGNES COFFEE	n/a	agnes-sofa
U8078-SULTRY DRK BROWN/PECAN-PCRLS	n/a	POWER CONSOLE RECLINING LOVESEAT	n/a	georgia-power-reclining-loveseat-with-cupholder-console
U8078-SULTRY DRK BROWN/PECAN-PR	n/a	POWER RECLINER 	n/a	georgia-power-reclining-chair
U8078-SULTRY DRK BROWN/PECAN-PRS	n/a	POWER RECLINER SOFA	n/a	georgia-power-reclining-sofa
U2033-GREY-S	n/a	SOFA	n/a	guinevere-sofa
U2033-GREY-L	n/a	LOVESEAT	n/a	guinevere-loveseat
U2033-GREY-CH	n/a	CHAIR	n/a	guinevere-chair
U8360-BLANCHE BLACK-CH	n/a	CHAIR BLANCHE BLACK	n/a	gretchen-chair
U8360-BLANCHE BLACK-LS	n/a	LOVESEAT BLANCHE BLACK	n/a	gretchen-loveseat
U8360-BLANCHE BLACK-S	n/a	SOFA BLANCHE BLACK	n/a	gretchen-sofa
UFM801-DRK GRY VELVET CC-68-CH	n/a	CHAIR W/ 1 PILLOW (3001-5) DRK GRY(CC-68)/SILVER (S-015M)	n/a	gwen-chair
UFM801-DRK GRY VELVET CC-68-LS	n/a	LOVESEAT W/ 3 PILLOWS (3001-5/ZH818) DRK GRY(CC-68)/SILVER (S-015M)	n/a	gwen-loveseat
UFM801-DRK GRY VELVET CC-68-S	n/a	SOFA W/ 4 PILLOWS (3001-5/ZH8181) DRK GRY(CC-68)/SILVER (S-015M)	n/a	gwen-sofa
UFM802A-DRK GRY VELVET CC-68-CH	n/a	CHAIR W/AL & 1 PILLOW (3001-5/ZH8181) DARK GREY (CC-68) / S-006	n/a	greta-chair
UFM802A-DRK GRY VELVET CC-68-LS	n/a	LOVESEAT W/AL & 3PILLOWS (3001-5/ZH8181) DARK GREY (CC-68) / S-006	n/a	greta-loveseat
UFM802A-DRK GRY VELVET CC-68-S	n/a	SOFA W/AL & 4 PILLOWS (3001-5/ZH8181) DARK GREY (CC-68) / S-006	n/a	greta-sofa
U9460-BLANCHE WHITE-CH	n/a	CHAIR BLANCHE WHITE	n/a	gladys-chair
  U9460-BLANCHE WHITE-LS 	n/a	LOVESEAT BLANCHE WHITE	n/a	gladys-loveseat
U9460-BLANCHE WHITE-S	n/a	SOFA BLANCHE WHITE	n/a	gladys-sofa
UFM365-BLACK VELVET F180-50-CH	n/a	CHAIR BLACK VELVET 	n/a	gigi-chair
UFM365-BLACK VELVET F180-50-LS	n/a	LOVESEAT BLACK VELVET 	n/a	gigi-loveseat
UFM365-BLACK VELVET F180-50-S	n/a	SOFA BLACK VELVET 	n/a	gigi-sofa
U1800-DTP932-7-PCRLS	n/a	POWER CONSOLE RECLINING LOVESEAT TWO TONE GRY (DTP932-7/LT)	n/a	gertrude-power-reclining-loveseat-with-cupholder-console
U1800-DTP932-7-PR	n/a	POWER RECLINER TWO TONE GRY (DTP932-7/LT)	n/a	gertrude-power-reclining-chair-with-cupholder-console
U1800-DTP932-7-PRS	n/a	POWER RECLINING SOFA TWO TONE GRY (DTP932-7/LT	n/a	gertrude-power-reclining-sofa-with-cupholder-console
U1876-BLANCHE LIVIDITY-PCRLS	n/a	POWER RECLINING LOVESEAT BLANCHE LIVIDITY/CHALK WELT	n/a	gillian-power-reclining-loveseat
U1876-BLANCHE LIVIDITY-PR	n/a	POWER RECLINER BLANCHE LIVIDITY/CHALK WELT	n/a	gillian-power-reclining-chair
U1876-BLANCHE LIVIDITY-PRS	n/a	POWER RECLINING SOFA BLANCHE LIVIDITY/CHALK WELT	n/a	gillian-power-reclining-sofa
U1706-AGNES ESPRESSO-PRS W/ DDT & PHR	n/a	POWER RECLINING SOFA W/ DDT, POWER HEADREST, & USB	n/a	giuliana-power-reclining-sofa-with-power-adjusting-headrest
U1706-AGNES ESPRESSO-PCRLS W/ PHR	n/a	POWER RECLINING LOVESEAT W/ DDT, POWER HEADREST, & USB	n/a	giuliana-power-reclining-loveseat-with-power-adjusting-headrest
U1706-AGNES ESPRESSO-PR W/ PHR	n/a	POWER RECLINER W/POWER HEADREST, & USB	n/a	giuliana-power-reclining-chair-with-power-adjusting-headrest
UM08-SL70110-2 DRK GREY-GR	n/a	GLIDER RECLINER DARK GREY (SL70110-2)	n/a	geraldine-reclining-chair
UM08-SL70110-2 DRK GRY-CRLS	n/a	CONSOLE RECLINING LOVESEAT DARK GREY (SL70110-2)	n/a	geraldine-reclining-loveseat-with-cupholder-console
   UM08-SL70110-2 DRK GRY-RS 	n/a	RECLINING SOFA DARK GREY (SL70110-2)	n/a	geraldine-reclining-sofa
U12016-AGNES COFFEE-PCRLS	n/a	POWER CONSOLE RECLINING LOVESEAT AGNES COFFEE	n/a	glenda-power-reclining-loveseat-with-cupholder-console
U12016-AGNES COFFEE-PR	n/a	POWER RECLINER AGNES COFFEE	n/a	glenda-power-reclining-chair
U12016-AGNES COFFEE-PRS	n/a	POWER RECLINING SOFA AGNES COFFEE	n/a	glenda-power-reclining-sofa
U1867-LT06 CHALK LG-PCRLS W/PHR	n/a	POWER CONSOLE REC LOVESEAT W/ PHR CHALK (LT06)	n/a	griselda-power-reclining-loveseat-with-cupholder-console
U1867-LT06 CHALK LG-PR W/ PHR	n/a	POWER RECLINER W/ PWR HEADREST CHALK (LT06)	n/a	griselda-power-reclining-chair-with-power-adjusting-headrest
U1867-LT06 CHALK LG-PRS W/ PHR & DDT	n/a	PWR RECLINING SOFA W/ PHR & DDT CHALK (LT06)	n/a	griselda-power-reclining-sofa
   U8900-BLK VELVET CC29-PCRLS 	n/a	POWER CONSOLE RECLINING LOVESEAT BLACK VELVET (CC-29)	n/a	ginny-power-reclining-loveseat-with-cupholder-console
U8900-BLK VELVET CC29-PR	n/a	POWER RECLINER BLACK VELVET (CC-29)	n/a	ginny-power-reclining-chair
U8900-BLK VELVET CC29-PRS	n/a	POWER CONSOLE RECLINING SOFA BLACK VELVET (CC-29)	n/a	ginny-power-reclining-sofa-with-cupholder-console
U9090-BLANCHE LIVDITY/STEEL-PR	n/a	POWER RECLINER BLANCHE LIVIDITY/STEEL	n/a	gwenevere-power-reclining-chair
U9090-BLANCHE LIVDITY/STEEL-PRLS	n/a	POWER RECLINING LOVESEAT BLANCHE LIVIDITY/STEEL	n/a	gwenevere-power-reclining-loveseat
U9090-BLANCHE LIVDITY/STEEL-PRS	n/a	POWER RECLINING SOFA BLANCHE LIVIDITY/STEEL	n/a	gwenevere-power-reclining-sofa
   U9345-JS520-D07-CH 	n/a	CHAIR 	n/a	georgette-chair
U9345-JS520-D07-LS	n/a	LOVESEAT	n/a	georgette-loveseat
   U9345-JS520-D07-S 	n/a	SOFA	n/a	georgette-sofa
   U6109-LIGHT GRY PVC-CH 	n/a	CHAIR	n/a	gabi-chair
   U6109-LIGHT GRY PVC-LS 	n/a	LOVESEAT	n/a	gabi-loveseat
U6109-LIGHT GRY PVC-S	n/a	SOFA	n/a	gabi-sofa
U970-CHARCOAL-CH	n/a	CHAIR	n/a	gisela-chair
U970-CHARCOAL-LS	n/a	LOVESEAT	n/a	gisela-loveseat
U970-CHARCOAL-S	n/a	SOFA	n/a	gisela-sofa
 U7303C-DOMINO GRANITE-CRLS W/DRAWER	n/a	CONSOLE RECLINING LOVESEAT W/DRAWER	n/a	gretel-reclining-loveseat-with-cupholder-console
  U7303C-DOMINO GRANITE-GR 	n/a	GLIDER RECLINER	n/a	gretel-reclining-chair
U7303C-DOMINO GRANITE-RS W/DDT	n/a	RECLINING SOFA W/ DROP DOWN TABLE&DRAWER	n/a	gretel-reclining-sofa-with-dropdown-table
  U7303C-GOAT SMOKE-CRLS W/DRAWER 	n/a	CONSOLE RECLINING LOVESEAT W/DRAWER	n/a	gretel-reclining-loveseat-with-cupholder-console
U7303C-GOAT SMOKE-GR	n/a	GLIDER RECLINER	n/a	gretel-reclining-chair
U7303C-GOAT SMOKE-RS W/DDT	n/a	RECLINING SOFA W/ DROP DOWN TABLE&DRAWER	n/a	gretel-reclining-sofa-with-dropdown-table
U7303C-DOMINO COFFEE-CRLS W/DRAWER	n/a	CONSOLE RECLINING LOVESEAT W/DRAWER	n/a	gretel-reclining-loveseat-with-cupholder-console
U7303C-DOMINO COFFEE-GR	n/a	GLIDER RECLINER	n/a	gretel-reclining-chair
U7303C-DOMINO COFFEE-RS W/DDT	n/a	RECLINING SOFA W/ DROP DOWN TABLE&DRAWER	n/a	gretel-reclining-sofa-with-dropdown-table
U3118C-SUBARU COFFEE-SECTIONAL	n/a	3PC SECTIONAL	n/a	gladis-sectional
U8137N-2PC SEC (M)	n/a	SECTIONAL NATALIE LT GREY/DK GREY	n/a	natalie-sectional
U1953-SEC-LSF W/O POWER/RSF CHAISE	n/a	6 PCS SECTIONAL	n/a	gisel-sectional
U1953-SEC-LSF POWER/RSF CHAISE	n/a	6 PCS SECTIONAL	n/a	gisel-sectional
U1953-SEC-LSF/RSF POWER	n/a	6 PCS SECTIONAL	n/a	gisel-sectional
U7303C-SECTIONAL (SP) 	n/a	3PC SECTIONAL GIN RUMMY CHARCOAL	n/a	gwyn-sectional
U9303C-BR-3PC SEC (SP)	n/a	3PC SECTIONAL BROWN	n/a	gisella-sectional
U9782N-WH-SECTIONAL (M)	n/a	2PC SECTIONAL WHITE	n/a	gweneth-sectional
U9782N-BL-SECTIONAL (M)	n/a	2PC SECTIONAL BLACK	n/a	gweneth-sectional
UM02-BL-SECTIONAL	n/a	SECTIONAL BLANCHE BLACK	n/a	gracelyn-sectional
  T858E	n/a	END TABLE	n/a	gwen-end-table
T1182C-BL	n/a	BLACK COFFEE TABLE	n/a	gwenith-coffee-table
T1182C-WH	n/a	WHITE COFFEE TABLE	n/a	gwenith-coffee-table
T1182E-BL	n/a	BLACK END TABLE	n/a	gwenith-end-table
T1182E-WH	n/a	WHITE END TABLE	n/a	gwenith-end-table
T1274C	n/a	COFFEE TABLE MARBLE/SS	n/a	gerdie-coffee-table
T1274E	n/a	END TABLE MARBLE/SS	n/a	gerdie-end-table
T161C	n/a	COFFEE TABLE CONCRETE PAPER/LT GREY	n/a	ginnette-coffee-table
T1628C	n/a	COFFEE TABLE	n/a	gwenna-coffee-table
T1628E	n/a	END TABLE	n/a	gwenna-end-table
T1713CT	n/a	COFFEE TABLE CLEAR GLASS W/GRY & SS	n/a	glorianne-coffee-table
T1713ET	n/a	END TABLE CLEAR GLASS W/GRY & SS	n/a	glorianne-end-table
T2056C	n/a	COFFEE TABLE	n/a	gabrianna-coffee-table
T2056E	n/a	END TABLE	n/a	gabrianna-end-table
T31C	n/a	COFFEE TABLE WHITE	n/a	gail-coffee-table
T368CT (M)	n/a	COFFEE TABLE	n/a	gaho-coffee-table
T368ET (M)	n/a	END TABLE	n/a	gaho-end-table
T375C	n/a	COFFEE TABLE 	n/a	gaia-coffee-table
T4126CT	n/a	COFFEE TABLE	n/a	gala-coffee-table
T4126ET	n/a	END TABLE	n/a	gala-end-table
T4127-CON	n/a	CONSOLE TABLE	n/a	galice-console-table
T4127CN	n/a	COFFEE TABLE	n/a	galice-coffee-table
T4127EN	n/a	END TABLE	n/a	galice-end-table
T53C	n/a	COFFEE TABLE WHITE HG/GREY	n/a	galina-coffee-table
T646CT (M) 	n/a	COFFEE TABLE	n/a	galen-coffee-table
T646ET (M) 	n/a	END TABLE	n/a	galen-end-table
T648CT (M)	n/a	COFFEE TABLE	n/a	gamila-coffee-table
T648ET (M)	n/a	END TABLE	n/a	gamila-end-table
T716CT 	n/a	COFFEE TABLE	n/a	ganet-coffee-table
T716ET	n/a	END TABLE	n/a	ganet-end-table
T858C	n/a	COFFEE TABLE	n/a	ganya-coffee-table
T93C	n/a	COFFEE TABLE WHITE HG/GREY	n/a	gauri-coffee-table
T987C	n/a	COFFEE TABLE	n/a	gavin-coffee-table
T987E	n/a	END TABLE	n/a	gavin-end-table
D10012BT	gavina	Bar Table	counter-height-table	gavina-counter-height-table
D1181BT-BL	gavra	Bar Table Black	counter-height-table	gavra-counter-height-table
D1181BT-WH 	gavra	Bar Table White	counter-height-table	gavra-counter-height-table
D1503BT	geela	BAR TABLE	counter-height-table	geela-counter-height-table
D1628BT	gem	BAR TABLE	counter-height-table	gem-counter-height-table
D368BT	gemma	BAR TABLE	counter-height-table	gemma-counter-height-table
D4040BT	genesee	BAR TABLE	counter-height-table	genesee-counter-height-table
D4041BT	gensis	Bar Table	counter-height-table	gensis-counter-height-table
D4126BT	geneva	BAR TABLE	counter-height-table	geneva-counter-height-table
D7035BT	geonna	BAR TABLE	counter-height-table	geonna-counter-height-table
M208BT (M)	gerda	BAR TABLE	counter-height-table	gerda-counter-height-table
2191-GREY-KB	gerard	KING BED		
2191-GREY-QB	gerard	QUEEN BED		
8103-BR-FB (M) 	gerhardina	FULL BED BROWN		
8103-BR-KB (M)	gerhardina	KING BED BROWN		
8103-BR-QB (M) 	gerhardina	QUEEN BED BROWN		
8103-BR-TB (M)	gerhardina	TWIN BED BROWN		
8103-P-FB (M)	gerhardina	FULL BED PINK		
8103-P-TB (M)	gerhardina	TWIN BED PINK		
8103-WH- KB (M)	gerhardina	KING BED WHITE		
8103-WH- QB (M)	gerhardina	QUEEN BED WHITE		
8103-WH- TB (M)	gerhardina	TWIN BED WHITE		
8103-WH-FB (M)	gerhardina	FULL BED WHITE		
8269-WH-KB (M) 	germain	KING BED WHITE		
8269-WH-QB (M)	germain	QUEEN BED WHITE		
8272-BL- KB (M)	gertraud	KING BED BLACK		
8272-BL- QB (M)	gertraud	QUEEN BED BLACK		
8272-GR- KB (M)	gertraud	KING BED GREY		
8272-GR-QB (M) 	gertraud	QUEEN BED GREY		
8819-GR-FB	ghita	FULL BED		
8819-GR-KB	ghita	KING BED		
8819-GR-QB	ghita	QUEEN BED		
8820-FB	gianara	FULL BED		
8820-KB	gianara	KING BED		
8820-QB	gianara	QUEEN BED		
9088-BL-FB	gianina	FULL BED		
9088-BL-KB	gianina	KING BED		
9088-BL-QB	gianina	QUEEN BED		
9097-S-FB	gila	FULL BED		
9097-S-KB	gila	KING BED		
9097-S-QB	gila	QUEEN BED		
9098-GR-FB	gilana	FULL BED		
9098-GR-KB	gilana	KING BED		
9098-GR-QB	gilana	QUEEN BED		
9652-BL PU/GR-KB W/STEREO & LIGHT	gilat	BLACK KING BED		
9652-BL PU/GR-QB W/STEREO & LIGHT	gilat	BLACK QUEEN BED		
9652-WH PU/GR-KB W/STEREO & LIGHT	gilat	WHITE KING BED		
9652-WH PU/GR-QB W/STEREO & LIGHT	gilat	WHITE QUEEN BED		
ATHENA-ASH BEIGE-CH	gilbert	CHEST		
ATHENA-ASH BEIGE-DR	gilbert	DRESSER		
ATHENA-ASH BEIGE-MR 	gilbert	MIRROR		
ATHENA-ASH BEIGE-NS	gilbert	NIGHT STAND		
ATHENA-BEIGE-KB	gilbert	KING BED		
ATHENA-BEIGE-QB	gilbert	QUEEN BED		
AURORA-W-CH (M)	gilberta	CHEST		
AURORA-W-D (M) 	gilberta	DRESSER		
AURORA-W-EU (M)	gilberta	ENTERTAINMENT UNIT		
AURORA-W-FB (M)	gilberta	FULL BED WENGE		
AURORA-W-KB (M)	gilberta	KING BED WENGE		
AURORA-W-M (M) 	gilberta	MIRROR		
AURORA-W-NS (M)	gilberta	NIGHTSTAND		
AURORA-W-QB (M)	gilberta	QUEEN BED WENGE		
AURORA-WH-CH (M) 	gilberta	CHEST		
AURORA-WH-D (M)	gilberta	DRESSER		
AURORA-WH-EU (M)	gilberta	ENTERTAINMENT UNIT		
AURORA-WH-FB (M)	gilberta	FULL BED WHITE		
AURORA-WH-KB (M)	gilberta	KING BED WHITE		
AURORA-WH-M (M)	gilberta	MIRROR		
AURORA-WH-NS (M)	gilberta	NIGHTSTAND		
AURORA-WH-QB (M)	gilberta	QUEEN BED WHITE		
AVA-BLACK-CH	gili	CHEST		
AVA-BLACK-DR	gili	DRESSER		
AVA-BLACK-FB	gili	FULL BED		
AVA-BLACK-KB	gili	KING BED		
AVA-BLACK-MR	gili	MIRROR		
AVA-BLACK-NS	gili	NIGHTSTAND		
AVA-BLACK-QB	gili	QUEEN BED		
AVA-WHITE--CH	gili	CHEST		
AVA-WHITE--MR	gili	MIRROR		
AVA-WHITE--NS	gili	NIGHTSTAND		
AVA-WHITE-DR	gili	DRESSER		
AVA-WHITE-FB	gili	FULL BED		
AVA-WHITE-KB	gili	KING BED		
AVA-WHITE-QB	gili	QUEEN BED		
AYDEN-ESPRESSO-CH	gilit	CHEST ANTIQUE GREY		
AYDEN-ESPRESSO-DR	gilit	DRESEER ANTIQUE GREY		
AYDEN-ESPRESSO-MR	gilit	MIRROR ANTIQUE GREY		
AYDEN-ESPRESSO-NS	gilit	NIGHT ANTIQUE GREY		
BAYVIEW-WHITE-CH 	ginevra	CHEST		
BAYVIEW-WHITE-DR	ginevra	DRESSER		
BAYVIEW-WHITE-M	ginevra	MIRROR		
BAYVIEW-WHITE-NS	ginevra	NIGHTSTAND		
BEVERLY-BL-FB	glad	FULL BED		
BEVERLY-BL-KB	glad	KING BED		
BEVERLY-BL-QB	glad	QUEEN BED		
BEVERLY-METALLIC BLACK-CH	glad	CHEST		
BEVERLY-METALLIC BLACK-DR	glad	DRESSER		
BEVERLY-METALLIC BLACK-MR	glad	MIRROR		
BEVERLY-METALLIC BLACK-NS	glad	NIGHTSTAND		
BORDEAUX-FB	gloriana	FULL BED		
BORDEAUX-KB	gloriana	KING BED		
BORDEAUX-PU/GOLD-CH	gloriana	CHEST GOLD		
BORDEAUX-PU/GOLD-DR 	gloriana	DRESSER GOLD		
BORDEAUX-PU/GOLD-MR	gloriana	MIRROR GOLD		
BORDEAUX-PU/GOLD-NS 	gloriana	NIGHT STAND GOLD		
BORDEAUX-QB	gloriana	QUEEN BED		
CARTER - CH	gloriann	CHEST		
CARTER - D	gloriann	DRESSER		
CARTER - M	gloriann	MIRROR		
CARTER - NS	gloriann	NIGHTSTAND		
CARTER-FB	gloriann	FULL BED		
CARTER-KB	gloriann	KING BED		
CARTER-QB	gloriann	QUEEN BED		
CASSIE-WH-KB	gote	KING BED		
CASSIE-WH-QB	gote	QUEEN BED		
CASSIE-WHITE/SILVER-CH	gote	CHEST		
CASSIE-WHITE/SILVER-DR	gote	DRESSER		
CASSIE-WHITE/SILVER-MR	gote	MIRROR		
CASSIE-WHITE/SILVER-NS	gote	NIGHTSTAND		
CATANIA-BLACK-CH	gracella	CHEST BLACK		
CATANIA-BLACK-DR	gracella	DRESSER BLACK		
CATANIA-BLACK-MR	gracella	MIRROR BLACK		
CATANIA-BLACK-NS	gracella	NIGHTSTAND BLACK		
CATANIA-FB	gracella	FULL BED BLACK		
CATANIA-KB	gracella	KING BED BLACK		
CATANIA-QB	gracella	QUEEN BED BLACK		
DIANA-BL-FB	gracelynne	FULL BED		
DIANA-BL-KB	gracelynne	KING BED		
DIANA-BL-QB	gracelynne	QUEEN BED		
DIANA-BLACK-BENCH	gracelynne	BENCH		
DIANA-BLACK-CH	gracelynne	CHEST		
DIANA-BLACK-DR	gracelynne	DRESSER		
DIANA-BLACK-MR	gracelynne	MIRROR		
DIANA-BLACK-NS W/ USB	gracelynne	NIGHTSTAND		
DIANA-BR-FB	gracelynne	FULL BED		
DIANA-BR-KB	gracelynne	KING BED		
DIANA-BR-QB	gracelynne	QUEEN BED		
DIANA-BROWN-BENCH	gracelynne	BENCH		
DIANA-BROWN-CH	gracelynne	CHEST		
DIANA-BROWN-DR	gracelynne	DRESSER		
DIANA-BROWN-MR	gracelynne	MIRROR		
DIANA-BROWN-NS W/ USB	gracelynne	NIGHTSTAND		
DIANA-S-FB	gracelynne	FULL BED		
DIANA-S-KB	gracelynne	KING BED		
DIANA-S-QB	gracelynne	QUEEN BED		
DIANA-SILVER-BENCH	gracelynne	BENCH		
DIANA-SILVER-CH	gracelynne	CHEST		
DIANA-SILVER-DR	gracelynne	DRESSER		
DIANA-SILVER-MR	gracelynne	MIRROR		
DIANA-SILVER-NS W/ USB	gracelynne	NIGHTSTAND		
HALEY-BROWN-CH	greenleigh	CHEST		
HALEY-BROWN-DR	greenleigh	DRESSER		
HALEY-BROWN-FB	greenleigh	FULL BED		
HALEY-BROWN-KB	greenleigh	KING BED		
HALEY-BROWN-MR	greenleigh	MIRROR		
HALEY-BROWN-NS	greenleigh	NIGHTSTAND		
HALEY-BROWN-QB	greenleigh	QUEEN BED		
HUDSON(988)-CH	griselle	CHEST		
HUDSON(988)-D	griselle	DRESSER		
HUDSON(988)-EKB	griselle	KING BED		
HUDSON(988)-M	griselle	MIRROR		
HUDSON(988)-NS	griselle	NIGHTSTAND		
HUDSON(988)-QB 	griselle	QUEEN BED		
JADE-CHAMPAGNE-CH	gunhilda	CHEST		
JADE-CHAMPAGNE-DR	gunhilda	DRESSER		
JADE-CHAMPAGNE-MR	gunhilda	MIRROR		
JADE-CHAMPAGNE-NS	gunhilda	NIGHTSTAND		
JADE-FB	gunhilda	FULL BED		
JADE-KB	gunhilda	KING BED		
JADE-QB	gunhilda	QUEEN BED		
JEWEL-GREY-D	gustaff	DRESSER		
JEWEL-GREY-LC	gustaaf	LINGERIE CHEST		
JEWEL-GREY-M	gustaaf	MIRROR		
JEWEL-GREY-NS	gustaaf	NIGHTSTAND		
JORDYN-GREY-CH	gustav	CHEST		
JORDYN-GREY-DR	gustav	DRESSER		
JORDYN-GREY-FB	gustav	FULL BED		
JORDYN-GREY-KB	gustav	KING BED		
JORDYN-GREY-MR	gustav	MIRROR		
JORDYN-GREY-NS	gustav	NIGHT		
JORDYN-GREY-QB	gustav	QUEEN BED		
JORDYN-WHITE-CH	gustav	CHEST		
JORDYN-WHITE-DR	gustav	DRESSER		
JORDYN-WHITE-FB	gustav	FULL BED		
JORDYN-WHITE-KB	gustav	KING BED		
JORDYN-WHITE-MR	gustav	MIRROR		
JORDYN-WHITE-NS	gustav	NIGHTSTAND		
JORDYN-WHITE-QB	gustav	QUEEN BED		
JULIET-CH	glenn	CHEST SILVER		
JULIET-DR	glenn	DRESSER SILVER		
JULIET-KB	glenn	KING BED SILVER		
JULIET-MR	glenn	MIRROR SILVER		
JULIET-NS	glenn	NIGHT STAND SILVER		
JULIET-QB	glenn	QUEEN BED SILVER		
KATE-FOIL GREY-CH	gwenda	CHEST		
KATE-FOIL GREY-D	gwenda	DRESSER		
KATE-FOIL GREY-M	gwenda	MIRROR		
KATE-FOIL GREY-NS	gwenda	NIGHTSTAND		
KATE-GR-FB 	gwenda	FULL BED		
KATE-GR-KB	gwenda	KING BED		
KATE-GR-QB	gwenda	QUEEN BED		
KATE-WH-FB 	gwenda	FULL BED		
KATE-WH-KB 	gwenda	KING BED		
KATE-WH-QB 	gwenda	QUEEN BED		
KATE-WHITE-CH	gwenda	CHEST		
KATE-WHITE-D	gwenda	DRESSER		
KATE-WHITE-M	gwenda	MIRROR		
KATE-WHITE-NS	gwenda	NIGHTSTAND		
KYLIE-WHITE/SILVER-DR	gyldan	DRESSER		
KYLIE-WHITE/SILVER-KB	gyldan	KING BED		
KYLIE-WHITE/SILVER-LC	gyldan	LINGERIE CHEST		
KYLIE-WHITE/SILVER-MR	gyldan	MIRROR		
KYLIE-WHITE/SILVER-NS	gyldan	NIGHTSTAND		
KYLIE-WHITE/SILVER-QB	gyldan	QUEEN BED		
LINDA-BL-FB (M) 	gabriel	FULL BED BLACK		
LINDA-BL-KB (M)	gabriel	KING BED BLACK		
LINDA-BL-QB (M)	gabriel	QUEEN BED BLACK		
LINDA-M-FB (M)	gabriel	FULL BED MERLOT		
LINDA-M-KB (M)	gabriel	KING BED MERLOT		
LINDA-M-QB (M) 	gabriel	QUEEN BED MERLOT		
LINDA(FD0011A)-BL-M (M)	gabriel	MIRROR		
LINDA(FD0011A)-M (M)	gabriel	MIRROR		
LINDA(FD0011B)-BL-CH (M)	gabriel	CHEST		
LINDA(FD0011B)-BL-D (M) 	gabriel	DRESSER		
LINDA(FD0011B)-BL-NS (M)	gabriel	NIGHTSTAND		
LINDA(FD0011B)-CH (M)	gabriel	CHEST		
LINDA(FD0011B)-D (M) 	gabriel	DRESSER		
LINDA(FD0011B)-NS (M)	gabriel	NIGHTSTAND		
MACKENZIE - CH 	grayson	CHEST		
MACKENZIE - D 	grayson	DRESSER		
MACKENZIE - M	grayson	MIRROR		
MACKENZIE - PEARLIZED WHITE - NS	grayson	NIGHTSTAND		
MACKENZIE-FB	grayson	FULL BED		
MACKENZIE-KB	grayson	KING BED		
MACKENZIE-QB 	grayson	QUEEN BED		
MANHATTAN(961-M)-CH	giovanni	CHEST		
MANHATTAN(961-M)-D	giovanni	DRESSER		
MANHATTAN(961-M)-EKB 	giovanni	KING BED		
MANHATTAN(961-M)-M	giovanni	MIRROR		
MANHATTAN(961-M)-NS	giovanni	NIGHTSTAND		
MANHATTAN(961-M)-QB	giovanni	QUEEN BED		
MARLEY - MERLOT - CH	grant	CHEST		
MARLEY - MERLOT - DR	grant	DRESSER		
MARLEY - MERLOT - MR	grant	MIRROR		
MARLEY - MERLOT - NS	grant	NIGHTSTAND		
MARLEY - SILVER - CH	grant	CHEST		
MARLEY - SILVER - DR	grant	DRESSER		
MARLEY - SILVER - MR	grant	MIRROR		
MARLEY - SILVER - NS	grant	NIGHTSTAND		
MARLEY-M-KB	grant	KING BED MERLOT		
MARLEY-M-QB	grant	QUEEN BED MERLOT		
MARLEY-S-FB	grant	FULL BED SILVER		
MARLEY-S-KB	grant	KING BED SILVER		
MARLEY-S-QB	grant	QUEEN BED SILVER		
MARSEILLE-CH-KB W/O TOWER	graham	CHERRY KING BED WITHOUT TOWER		
MARSEILLE-CH-KB W/TOWER	graham	CHERRY KING BED WITH TOWER		
MARSEILLE-CH-QB W/O TOWER	graham	CHERRY QUEEN  BED WITHOUT TOWER		
MARSEILLE-CH-QB W/TOWER	graham	CHERRY QUEEN  BED WITH TOWER		
MARSEILLE-CHERRY-CH	graham	CHEST CHERRY W/BROWN PU		
MARSEILLE-CHERRY-DR	graham	DRESSER CHERRY W/BROWN PU		
MARSEILLE-CHERRY-MR	graham	MIRROR CHERRY W/BROWN PU		
MARSEILLE-CHERRY-NS W/USB	graham	NIGHTSTAND W/ USB CHERRY W/BROWN PU		
MARSEILLE-GR-KB W/O TOWER	graham	GREY KING BED WITHOUT TOWER		
MARSEILLE-GR-KB W/TOWER	graham	GREY KING BED WITH TOWER		
MARSEILLE-GR-QB W/O TOWER	graham	GREY QUEEN  BED WITHOUT TOWER		
MARSEILLE-GR-QB W/TOWER	graham	GREY QUEEN  BED WITH TOWER		
MARSEILLE-GREY NS W/USB	graham	NIGHTSTAND W/ USB GREY		
MARSEILLE-GREY-CH	graham	CHEST GREY		
MARSEILLE-GREY-DR	graham	DRESSER GREY		
MARSEILLE-GREY-MR	graham	MIRROR GREY		
MIA-BL-FB	griffin	FULL BED		
MIA-BL-KB	griffin	KING BED		
MIA-BL-QB	griffin	QUEEN BED		
MIA-METALLIC BLACK-CH	griffin	CHEST METALLIC BLACK		
MIA-METALLIC BLACK-DR	griffin	DRESSER METALLIC BLACK		
MIA-METALLIC BLACK-MR	griffin	MIRROR METALLIC BLACK		
MIA-METALLIC BLACK-NS	griffin	NIGHT STAND METALLIC BLACK		
MIRROR-CHAMP-CH	gideon	CHEST		
MIRROR-CHAMP-D	gideon	DRESSER		
MIRROR-CHAMP-FB "STORAGE"	gideon	FULL BED CHOCOLATE		
MIRROR-CHAMP-KB "STORAGE"	gideon	KING BED CHAMPAGNE		
MIRROR-CHAMP-M	gideon	MIRROR		
MIRROR-CHAMP-NS	gideon	NIGHTSTAND		
MIRROR-CHAMP-QB "STORAGE"	gideon	QUEEN BED CHAMPAGNE		
MIRROR-CHOC-CH	gage	CHEST		
MIRROR-CHOC-D	gage	DRESSER		
MIRROR-CHOC-FB "STORAGE"	gage	FULL BED CHOCOLATE		
MIRROR-CHOC-KB "STORAGE"	gage	KING BED CHOCOLATE		
MIRROR-CHOC-M	gage	MIRROR		
MIRROR-CHOC-NS	gage	NIGHTSTAND		
MIRROR-CHOC-QB "STORAGE"	gage	QUEEN BED CHOCOLATE		
MIRROR(8856)-CHAMP-FB "UPHOLSTERED" 	grady	FULL BED CHAMPAGNE		
MIRROR(8856)-CHAMP-KB "UPHOLSTERED" 	grady	KING BED CHAMPAGNE		
MIRROR(8856)-CHAMP-QB "UPHOLSTERED"	grady	QUEEN BED CHAMPAGNE		
MONTEREY-CH	gregory	CHEST BROWN		
MONTEREY-DR	gregory	DRESSER BROWN		
MONTEREY-KB	gregory	KING BED BROWN		
MONTEREY-MR	gregory	MIRROR BROWN		
MONTEREY-NS	gregory	NIGHT STAND BROWN		
MONTEREY-QB	gregory	QUEEN BED BROWN		
NOMA- FB	gerardo	FULL BED		
NOMA-CH	gerardo	CHEST		
NOMA-D	gerardo	DRESSER		
NOMA-KB	gerardo	KING BED		
NOMA-MR	gerardo	MIRROR		
NOMA-NS	gerardo	NIGHTSTAND		
NOMA-QB	gerardo	QUEEN BED		
NORTH(138)-CH	gianni	CHEST		
NORTH(138)-DR 	gianni	DRESSER		
NORTH(138)-KB	gianni	KING BED		
NORTH(138)-MR	gianni	MIRROR		
NORTH(138)-NS	gianni	NIGHTSTAND		
NORTH(138)-QB	gianni	QUEEN BED		
PARIS- KB	gannon	KING BED CHAMPAGNE		
PARIS- QB	gannon	QUEEN BED CHAMPAGNE		
PARIS-CHAMPAGNE-BN	gannon	BENCH CHAMPAGNE		
PARIS-CHAMPAGNE-CH W/ AL	gannon	CHEST WITH ACRLYIC LEGS CHAMPAGNE		
PARIS-CHAMPAGNE-DR W/JEWELRY DR & AL	gannon	DRESSER W/JEWELRY DR & ACRYLIC LEGS CHAMPAGNE		
PARIS-CHAMPAGNE-MR W/LIGHT	gannon	MIRROR W/LIGHT CHAMPAGNE		
PARIS-CHAMPAGNE-NS W/ AL	gannon	NIGHTSTAND WITH ACRYLIC LEGS CHAMPAGNE		
PENELOPE-CH	guillermo	CHEST		
PENELOPE-D	guillermo	DRESSER		
PENELOPE-KB	guillermo	KING BED		
PENELOPE-M	guillermo	MIRROR		
PENELOPE-NS	guillermo	NIGHTSTAND		
PENELOPE-QB	guillermo	QUEEN BED		
PISA-FB	gordon	FULL BED METALLIC GREY		
PISA-KB	gordon	KING BED METALLIC GREY		
PISA-METALLIC GREY-CH	gordon	METALLIC GREY CHEST		
PISA-METALLIC GREY-DR	gordon	METALLIC GREY DRESSER		
PISA-METALLIC GREY-MR W/LIGHT	gordon	METALLIC GREY MIRROR W/LED		
PISA-METALLIC GREY-NS	gordon	METALLIC GREY NIGHTSTAND		
PISA-QB	gordon	QUEEN BED METALLIC GREY		
POMPEI-GR-FB	gerald	FULL BED		
POMPEI-GR-KB	gerald	KING BED		
POMPEI-GR-QB	gerald	QUEEN BED		
POMPEI-METALLIC GREY-CH	gerald	CHEST METALLIC GREY		
POMPEI-METALLIC GREY-DR	gerald	DRESSER METALLIC GREY		
POMPEI-METALLIC GREY-MR	gerald	MIRROR METALLIC GREY		
POMPEI-METALLIC GREY-NS	gerald	NIGHTSTAND METALLIC GREY		
POMPEI-METALLIC WHITE-CH	gerald	CHEST		
POMPEI-METALLIC WHITE-DR	gerald	DRESSER		
POMPEI-METALLIC WHITE-MR	gerald	MIRROR		
POMPEI-METALLIC WHITE-NS	gerald	NIGHTSTAND		
POMPEI-WH-FB	gerald	FULL BED		
POMPEI-WH-KB	gerald	KING BED		
POMPEI-WH-QB	gerald	QUEEN BED		
PORTOFINO-GOLD-CH	goldie	CHEST GOLD		
PORTOFINO-GOLD-DR	goldie	DRESSER GOLD		
PORTOFINO-GOLD-FB	goldie	FULL BED		
PORTOFINO-GOLD-KB	goldie	KING BED		
PORTOFINO-GOLD-MR 	goldie	MIRROR GOLD		
PORTOFINO-GOLD-NS	goldie	NIGHT STAND GOLD		
PORTOFINO-GOLD-QB	goldie	QUEEN BED		
REINA-CHAMPAGNE-DR	gibson	DRESSER		
REINA-CHAMPAGNE-KB	gibson	KING BED		
REINA-CHAMPAGNE-LC	gibson	LINGERIE CHEST		
REINA-CHAMPAGNE-MR	gibson	MIRROR		
REINA-CHAMPAGNE-NS	gibson	NIGHTSTAND		
REINA-CHAMPAGNE-QB	gibson	QUEEN BED		
REMI-SILVER-CH	gatlin	CHEST 		
REMI-SILVER-DR	gatlin	DRESSER		
REMI-SILVER-KB	gatlin	KING BED		
REMI-SILVER-MR W/LED	gatlin	MIRROR W/LED		
REMI-SILVER-NS	gatlin	NIGHTSTAND		
REMI-SILVER-QB	gatlin	QUEEN BED		
RILEY (1621) CHEST	giancarlo	CHEST		
RILEY (1621) DRESSER	giancarlo	DRESSER		
RILEY (1621) MIRROR	giancarlo	MIRROR		
RILEY (1621) NIGHT STAND	giancarlo	NIGHTSTAND		
RILEY-FB	giancarlo	FULL BED SILVER		
RILEY-KB	giancarlo	KING BED SILVER		
RILEY-QB	giancarlo	QUEEN BED SILVER		
ROSA-KB (BX) (M)	garrison	KING BED		
ROSA-QB (BX) (M)	garrison	QUEEN BED		
ROSA(FD0060A)-CH (M)	garrison	CHEST		
ROSA(FD0060A)-D (M)	garrison	DRESSER		
ROSA(FD0060A)-NS (M)	garrison	NIGHTSTAND		
ROSA(FD0060C)-M (M)	garrison	MIRROR		
SALERNO-BL-FB	gino	FULL BED 		
SALERNO-BL-KB	gino	KING BED		
SALERNO-BL-QB	gino	QUEEN BED		
SALERNO-M-FB	gino	FULL BED		
SALERNO-M-KB	gino	KING BED		
SALERNO-M-QB	gino	QUEEN BED		
SANTORINI-METALLIC WHITE-CH	granger	CHEST 		
SANTORINI-METALLIC WHITE-DR	granger	DRESSER		
SANTORINI-METALLIC WHITE-MR	granger	MIRROR 		
SANTORINI-METALLIC WHITE-NS	granger	NIGHTSTAND		
SANTORINI-WH-FB	granger	FULL BED METALLIC WHITE/MARBLE		
SANTORINI-WH-KB	granger	KING BED METALLIC WHITE/MARBLE		
SANTORINI-WH-QB	granger	QUEEN BED METALLIC WHITE/MARBLE		
SEVILLE-FB	gonzalo	FULL BED		
SEVILLE-KB	gonzalo	KING BED		
SEVILLE-MALAMINE GREY-CH	gonzalo	CHEST W/JEWELRY DR MALAMINE GREY		
SEVILLE-MALAMINE GREY-DR	gonzalo	DRESSER W/JEWELRY DR MALAMINE GREY		
SEVILLE-MALAMINE GREY-MR	gonzalo	MIRROR MALAMINE GREY		
SEVILLE-MALAMINE GREY-NS	gonzalo	NIGHT STAND MALAMINE GREY		
SEVILLE-QB	gonzalo	QUEEN BED		
SOFIA-PEARL WHITE-CH-AL	gerson	CHEST W/ACRYLIC LEGS		
SOFIA-PEARL WHITE-D-AL	gerson	DRESSER W/ACRYLIC LEGS		
SOFIA-PEARL WHITE-M W/LED 	gerson	MIRROR W/LED		
SOFIA-PEARL WHITE-NS-AL 	gerson	NIGHTSTAND W/ACRYLIC LEGS		
SOFIA-WH-FB	gerson	FULL BED		
SOFIA-WH-KB	gerson	KING BED		
SOFIA-WH-QB	gerson	QUEEN BED		
SOHO-SILVER-CH	gentry	CHEST		
SOHO-SILVER-DR	gentry	DRESSER		
SOHO-SILVER-KB	gentry	KING BED		
SOHO-SILVER-MR	gentry	MIRROR		
SOHO-SILVER-NS	gentry	NIGHTSTAND		
SOHO-SILVER-QB	gentry	QUEEN BED		
SONIA-BL-FB	gadiel	FULL BED 		
SONIA-BL-KB	gadiel	KING BED		
SONIA-BL-QB	gadiel	QUEEN BED		
SONIA-BLACK-CH W/ TR GLITTER-AL	gadiel	CHEST W/ACRYLIC LEGS		
SONIA-BLACK-DR-TR GLITTER-AL	gadiel	DRESSER W/ACRYLIC LEGS		
SONIA-BLACK-M W/LED	gadiel	MIRROR W/LED		
SONIA-BLACK-NS W/ TR GLITTER-AL	gadiel	NIGHTSTANAD W/ACRYLIC LEGS		
VERONA-GOLD-CH	gene	CHEST GOLD		
VERONA-GOLD-DR	gene	DRESSER GOLD		
VERONA-GOLD-FB	gene	FULL BED		
VERONA-GOLD-KB	gene	KING BED		
VERONA-GOLD-M	gene	MIRROR GOLD		
VERONA-GOLD-NS	gene	NIGHT STAND GOLD		
VERONA-GOLD-QB	gene	QUEEN BED		
VERONA-GOLD-TB	gene	TWIN BED		
VERONA-SILVER-CH	gene	CHEST GOLD		
VERONA-SILVER-DR	gene	DRESSER GOLD		
VERONA-SILVER-FB	gene	FULL BED		
VERONA-SILVER-KB	gene	KING BED		
VERONA-SILVER-M	gene	MIRROR GOLD		
VERONA-SILVER-NS	gene	NIGHT STAND GOLD		
VERONA-SILVER-QB	gene	QUEEN BED		
VERONA-SILVER-TB	gene	TWIN BED		
VICTORIA-CH	gabe	CHEST		
VICTORIA-D	gabe	DRESSER		
VICTORIA-KB	gabe	KING BED		
VICTORIA-M 	gabe	MIRROR		
VICTORIA-NS	gabe	NIGHTSTAND		
VICTORIA-QB	gabe	QUEEN BED		
AURORA-W-EU	genaro	ENTERTAINMENT UNIT		
AURORA-WH-EU	genaro	ENTERTAINMENT UNIT		
D3355-BUFFET	geno	BUFFET		
D4126N - BUFFET	gio	BUFFET		
D4127N-BUFFET	giacomo	BUFFET		
D1446BS - BL	gamaliel	BARSTOOL		
D1446BS - GR	gamaliel	BARSTOOL		
D1446BS - R	gamaliel	BARSTOOL		
D1446BS - WH	gamaliel	BARSTOOL		
D368BS 	geronimo	BARSTOOL		
D4041BS-GREY PU	gotham	BARSTOOL		
D4126BS	gohan	BARSTOOL		
D7035BS	giuliano	BARSTOOL		
D705BS	gaspar	BARSTOOL		
D9002BS-BLK 	gianluca	BARSTOOL		
D9002BS-WHT	gianluca	BARSTOOL		
D915BS-BLK	garrick	BARSTOOL		
D915BS-GRY	garrick	BARSTOOL		
D915BS-WHT	garrick	BARSTOOL		
D1021DC-BLK/GRY 	gaetano	DINING CHAIR BLACK/GREY		
D1021DC-BLK/RED	gaetano	DINING CHAIR BLACK/RED		
D1021DC-BLK/ROYAL BLUE	gaetano	DINING CHAIR BLACK/BLUE		
D1058DC (M)	greeta	DINING CHAIR		
D1067DC - WH	garda	DINING CHAIR		
D1067DC- BL 	garda	DINING CHAIR		
D140DC (M)	glynice	DINING CHAIR		
D1609DC-BLACK	gaines	DINING CHAIR BLACK PU		
D1609DC-BLACK VELVET	gaines	DINING CHAIR BLACK VELVET		
D1609DC-BLUE VELVET	gaines	DINING CHAIR BLUE VELVET		
D1609DC-WHITE	gaines	DINING CHAIR BLUE VELVET		
D3355DC	galel	DINING CHAIR SILVER		
D4126NDC	galileo	DINING CHAIR		
D4127NDC	galileo	DINING CHAIR		
D41DC-BLACK	galip	DINING CHAIR BLK WITH BLK STITCH		
D41DC-WHITE	galip	DINING CHAIR WHT WITH WHT STITCH		
D4511DC (M)	gallagher	DINING CHAIR		
D4878DC-BL	galloway	DINING CHAIR		
D4878DC-TURQ	ganix	DINING CHAIR		
D4878DC-WH	ganix	DINING CHAIR		
D4957DC	gardner	DINING CHAIR VELVET 		
D7012DC	garth	DINING CHAIR BLACK		
D716DC (M) 	garvey	DINING CHAIR		
D8110DC-BLUE	gautama	DINING CHAIR BLUE 		
D8110DC-LT GRY	gautama	DINING CHAIR BLUE 		
D8110DC-MAUVE	gautama	DINING CHAIR MAUVE		
D858DC	gefen	DINING CHAIR		
D9002DC-BL (M)	gellert	DINING CHAIR		
D9002DC-WH (M)	gellert	DINING CHAIR		
D915DC-GR	gemini	DINING CHAIR		
D915DC-BLK	gemini	DINING CHAIR		
D915DC-WHT	gemini	DINING CHAIR		
DC27DC	genie	DINING CHAIR METALLIC GREY W/CRYSTALS		
D1058NDT (M)	gennadiya	DINING TABLE		
D1182DT-BL	gerd	DINING TABLE BLACK		
D1182DT-WH	gerd	DINING TABLE WHITE		
D1274DT	garwyn	DINING TABLE WHITE & GREY		
D1530DT	gergely	DINING TABLE BLACK GLASS		
D1628DT	gergo	DINING TABLE		
D1713DT	gervais	DINING TABLE		
D2056DT	gessica	DINING TABLE		
D2160DT	giacinta	DINING TABLE		
D219DT	giles	DINING TABLE		
D2279DT 	giliam	DINING TABLE		
D2691DT	gilon	DINING TABLE BLACK		
D30DT	gilroy	DINING TABLE		
D3355DT-EXT	gittan	DINING TABLE W/EXTENSION SILVER		
D368DT (M)	glenwood	DINING TABLE		
D3975DT	glenys	DINING TABLE		
D4126NDT	goddard	DINING TABLE		
D4127DT	godric	DINING TABLE		
D4801DT	golan	DINING TABLE		
D551DT	goode	DINING TABLE		
D716DT (M)	goodwin	DINING TABLE		
D858DT	gormlaith	DINING TABLE		
D894DT	gosta	DINING TABLE		
D9002DT (M)	gottlieb	DINING TABLE		
D92011DT	graine	EXTENDABLE DINING TABLE 		
D987DT 	granville	DINING TABLE		