"ID","Handle","Command","Title","Vendor","Type","Variant Inventory Item ID","Variant ID","Variant Command","Option1 Name","Option1 Value","Option2 Name","Option2 Value","Option3 Name","Option3 Value"
"5826442887","tilly-loveseat","UPDATE","Tilly Loveseat","Klaussner","loveseats-sale","25644502855","36208218375","MERGE","Material","Microfiber","Color","White","Sleeper","No Sleeper"
"5826442887","tilly-loveseat","UPDATE","Tilly Loveseat","Klaussner","loveseats-sale","25644503047","36208218439","MERGE","Material","Microfiber","Color","Cream","Sleeper","No Sleeper"
"5826442887","tilly-loveseat","UPDATE","Tilly Loveseat","Klaussner","loveseats-sale","25644503111","36208218503","MERGE","Material","Microfiber","Color","Gray","Sleeper","No Sleeper"
"5826442887","tilly-loveseat","UPDATE","Tilly Loveseat","Klaussner","loveseats-sale","25644503175","36208218567","MERGE","Material","Microfiber","Color","Brown","Sleeper","No Sleeper"
"5826442887","tilly-loveseat","UPDATE","Tilly Loveseat","Klaussner","loveseats-sale","25644503239","36208218631","MERGE","Material","Microfiber","Color","Red","Sleeper","No Sleeper"
"5826442887","tilly-loveseat","UPDATE","Tilly Loveseat","Klaussner","loveseats-sale","25644503367","36208218695","MERGE","Material","Microfiber","Color","Blue","Sleeper","No Sleeper"
"5826442887","tilly-loveseat","UPDATE","Tilly Loveseat","Klaussner","loveseats-sale","25644503431","36208218759","MERGE","Material","Microfiber","Color","Black","Sleeper","No Sleeper"
"5826442887","tilly-loveseat","UPDATE","Tilly Loveseat","Klaussner","loveseats-sale","25644503495","36208218823","MERGE","Material","Cotton","Color","White","Sleeper","No Sleeper"
"5826442887","tilly-loveseat","UPDATE","Tilly Loveseat","Klaussner","loveseats-sale","25644503559","36208218887","MERGE","Material","Cotton","Color","Cream","Sleeper","No Sleeper"
"5826442887","tilly-loveseat","UPDATE","Tilly Loveseat","Klaussner","loveseats-sale","25644503623","36208219015","MERGE","Material","Cotton","Color","Gray","Sleeper","No Sleeper"
"5826442887","tilly-loveseat","UPDATE","Tilly Loveseat","Klaussner","loveseats-sale","25644503687","36208219079","MERGE","Material","Cotton","Color","Brown","Sleeper","No Sleeper"
"5826442887","tilly-loveseat","UPDATE","Tilly Loveseat","Klaussner","loveseats-sale","25644503751","36208219143","MERGE","Material","Cotton","Color","Red","Sleeper","No Sleeper"
"5826442887","tilly-loveseat","UPDATE","Tilly Loveseat","Klaussner","loveseats-sale","25644503815","36208219207","MERGE","Material","Cotton","Color","Blue","Sleeper","No Sleeper"
"5826442887","tilly-loveseat","UPDATE","Tilly Loveseat","Klaussner","loveseats-sale","25644503879","36208219271","MERGE","Material","Microfiber","Color","White","Sleeper","Innerspring Twin Sleeper"
"5826442887","tilly-loveseat","UPDATE","Tilly Loveseat","Klaussner","loveseats-sale","25644503943","36208219335","MERGE","Material","Microfiber","Color","Cream","Sleeper","Innerspring Twin Sleeper"
"5826442887","tilly-loveseat","UPDATE","Tilly Loveseat","Klaussner","loveseats-sale","25644504007","36208219399","MERGE","Material","Microfiber","Color","Gray","Sleeper","Innerspring Twin Sleeper"
"5826442887","tilly-loveseat","UPDATE","Tilly Loveseat","Klaussner","loveseats-sale","25644504071","36208219463","MERGE","Material","Microfiber","Color","Brown","Sleeper","Innerspring Twin Sleeper"
"5826442887","tilly-loveseat","UPDATE","Tilly Loveseat","Klaussner","loveseats-sale","25644504135","36208219527","MERGE","Material","Microfiber","Color","Red","Sleeper","Innerspring Twin Sleeper"
"5826442887","tilly-loveseat","UPDATE","Tilly Loveseat","Klaussner","loveseats-sale","25644504199","36208219591","MERGE","Material","Microfiber","Color","Blue","Sleeper","Innerspring Twin Sleeper"
"5826442887","tilly-loveseat","UPDATE","Tilly Loveseat","Klaussner","loveseats-sale","25644504263","36208219655","MERGE","Material","Microfiber","Color","Black","Sleeper","Innerspring Twin Sleeper"
"5826442887","tilly-loveseat","UPDATE","Tilly Loveseat","Klaussner","loveseats-sale","25644504327","36208219719","MERGE","Material","Cotton","Color","White","Sleeper","Innerspring Twin Sleeper"
"5826442887","tilly-loveseat","UPDATE","Tilly Loveseat","Klaussner","loveseats-sale","25644504391","36208219783","MERGE","Material","Cotton","Color","Cream","Sleeper","Innerspring Twin Sleeper"
"5826442887","tilly-loveseat","UPDATE","Tilly Loveseat","Klaussner","loveseats-sale","25644504455","36208219847","MERGE","Material","Cotton","Color","Gray","Sleeper","Innerspring Twin Sleeper"
"5826442887","tilly-loveseat","UPDATE","Tilly Loveseat","Klaussner","loveseats-sale","25644504519","36208219911","MERGE","Material","Cotton","Color","Brown","Sleeper","Innerspring Twin Sleeper"
"5826442887","tilly-loveseat","UPDATE","Tilly Loveseat","Klaussner","loveseats-sale","25644504583","36208219975","MERGE","Material","Cotton","Color","Red","Sleeper","Innerspring Twin Sleeper"
"5826442887","tilly-loveseat","UPDATE","Tilly Loveseat","Klaussner","loveseats-sale","25644504647","36208220039","MERGE","Material","Cotton","Color","Blue","Sleeper","Innerspring Twin Sleeper"
"5826442887","tilly-loveseat","UPDATE","Tilly Loveseat","Klaussner","loveseats-sale","25644504775","36208220103","MERGE","Material","Microfiber","Color","White","Sleeper","Memory Foam Twin Sleeper"
"5826442887","tilly-loveseat","UPDATE","Tilly Loveseat","Klaussner","loveseats-sale","25644504903","36208220167","MERGE","Material","Microfiber","Color","Cream","Sleeper","Memory Foam Twin Sleeper"
"5826442887","tilly-loveseat","UPDATE","Tilly Loveseat","Klaussner","loveseats-sale","25644504967","36208220231","MERGE","Material","Microfiber","Color","Gray","Sleeper","Memory Foam Twin Sleeper"
"5826442887","tilly-loveseat","UPDATE","Tilly Loveseat","Klaussner","loveseats-sale","25644505031","36208220295","MERGE","Material","Microfiber","Color","Brown","Sleeper","Memory Foam Twin Sleeper"
"5826442887","tilly-loveseat","UPDATE","Tilly Loveseat","Klaussner","loveseats-sale","25644505095","36208220359","MERGE","Material","Microfiber","Color","Red","Sleeper","Memory Foam Twin Sleeper"
"5826442887","tilly-loveseat","UPDATE","Tilly Loveseat","Klaussner","loveseats-sale","25644505159","36208220423","MERGE","Material","Microfiber","Color","Blue","Sleeper","Memory Foam Twin Sleeper"
"5826442887","tilly-loveseat","UPDATE","Tilly Loveseat","Klaussner","loveseats-sale","25644505223","36208220487","MERGE","Material","Microfiber","Color","Black","Sleeper","Memory Foam Twin Sleeper"
"5826442887","tilly-loveseat","UPDATE","Tilly Loveseat","Klaussner","loveseats-sale","25644505287","36208220551","MERGE","Material","Cotton","Color","White","Sleeper","Memory Foam Twin Sleeper"
"5826442887","tilly-loveseat","UPDATE","Tilly Loveseat","Klaussner","loveseats-sale","25644505351","36208220615","MERGE","Material","Cotton","Color","Cream","Sleeper","Memory Foam Twin Sleeper"
"5826442887","tilly-loveseat","UPDATE","Tilly Loveseat","Klaussner","loveseats-sale","25644505415","36208220679","MERGE","Material","Cotton","Color","Gray","Sleeper","Memory Foam Twin Sleeper"
"5826442887","tilly-loveseat","UPDATE","Tilly Loveseat","Klaussner","loveseats-sale","25644505479","36208220743","MERGE","Material","Cotton","Color","Brown","Sleeper","Memory Foam Twin Sleeper"
"5826442887","tilly-loveseat","UPDATE","Tilly Loveseat","Klaussner","loveseats-sale","25644505543","36208220807","MERGE","Material","Cotton","Color","Red","Sleeper","Memory Foam Twin Sleeper"
"5826442887","tilly-loveseat","UPDATE","Tilly Loveseat","Klaussner","loveseats-sale","25644505607","36208220871","MERGE","Material","Cotton","Color","Blue","Sleeper","Memory Foam Twin Sleeper"
"5826442887","tilly-loveseat","UPDATE","Tilly Loveseat","Klaussner","loveseats-sale","25644505671","36208220935","MERGE","Material","Microfiber","Color","White","Sleeper","Aircoil Twin Sleeper"
"5826442887","tilly-loveseat","UPDATE","Tilly Loveseat","Klaussner","loveseats-sale","25644505735","36208220999","MERGE","Material","Microfiber","Color","Cream","Sleeper","Aircoil Twin Sleeper"
"5826442887","tilly-loveseat","UPDATE","Tilly Loveseat","Klaussner","loveseats-sale","25644505799","36208221063","MERGE","Material","Microfiber","Color","Gray","Sleeper","Aircoil Twin Sleeper"
"5826442887","tilly-loveseat","UPDATE","Tilly Loveseat","Klaussner","loveseats-sale","25644505863","36208221127","MERGE","Material","Microfiber","Color","Brown","Sleeper","Aircoil Twin Sleeper"
"5826442887","tilly-loveseat","UPDATE","Tilly Loveseat","Klaussner","loveseats-sale","25644505927","36208221191","MERGE","Material","Microfiber","Color","Red","Sleeper","Aircoil Twin Sleeper"
"5826442887","tilly-loveseat","UPDATE","Tilly Loveseat","Klaussner","loveseats-sale","25644505991","36208221255","MERGE","Material","Microfiber","Color","Blue","Sleeper","Aircoil Twin Sleeper"
"5826442887","tilly-loveseat","UPDATE","Tilly Loveseat","Klaussner","loveseats-sale","25644506055","36208221383","MERGE","Material","Microfiber","Color","Black","Sleeper","Aircoil Twin Sleeper"
"5826442887","tilly-loveseat","UPDATE","Tilly Loveseat","Klaussner","loveseats-sale","25644506119","36208221447","MERGE","Material","Cotton","Color","White","Sleeper","Aircoil Twin Sleeper"
"5826442887","tilly-loveseat","UPDATE","Tilly Loveseat","Klaussner","loveseats-sale","25644506183","36208221511","MERGE","Material","Cotton","Color","Cream","Sleeper","Aircoil Twin Sleeper"
"5826442887","tilly-loveseat","UPDATE","Tilly Loveseat","Klaussner","loveseats-sale","25644506247","36208221575","MERGE","Material","Cotton","Color","Gray","Sleeper","Aircoil Twin Sleeper"
"5826442887","tilly-loveseat","UPDATE","Tilly Loveseat","Klaussner","loveseats-sale","25644506311","36208221639","MERGE","Material","Cotton","Color","Brown","Sleeper","Aircoil Twin Sleeper"
"5826442887","tilly-loveseat","UPDATE","Tilly Loveseat","Klaussner","loveseats-sale","25644506375","36208221703","MERGE","Material","Cotton","Color","Red","Sleeper","Aircoil Twin Sleeper"
"5826442887","tilly-loveseat","UPDATE","Tilly Loveseat","Klaussner","loveseats-sale","25644506439","36208221767","MERGE","Material","Cotton","Color","Blue","Sleeper","Aircoil Twin Sleeper"
"5826791559","chandler-2-piece-sectional","UPDATE","Chandler 2-Piece Sectional","Klaussner","sectionals-sale","24055393415","34595720135","MERGE","Material","Fabric","Configuration","Left Facing Corner Sofa","Sleeper","No Sleeper"
"5826791559","chandler-2-piece-sectional","UPDATE","Chandler 2-Piece Sectional","Klaussner","sectionals-sale","24055393479","34595720199","MERGE","Material","Fabric","Configuration","Left Facing Corner Sofa","Sleeper","Dreamquest Innerspring Full Mattress"
"5826791559","chandler-2-piece-sectional","UPDATE","Chandler 2-Piece Sectional","Klaussner","sectionals-sale","24055393543","34595720263","MERGE","Material","Fabric","Configuration","Left Facing Corner Sofa","Sleeper","Enso Memory Foam Full Mattress"
"5826791559","chandler-2-piece-sectional","UPDATE","Chandler 2-Piece Sectional","Klaussner","sectionals-sale","24055393607","34595720327","MERGE","Material","Fabric","Configuration","Left Facing Corner Sofa","Sleeper","Aircoil Full Sleeper"
"5826791559","chandler-2-piece-sectional","UPDATE","Chandler 2-Piece Sectional","Klaussner","sectionals-sale","24055393671","34595720391","MERGE","Material","Fabric","Configuration","Right Facing Corner Sofa","Sleeper","No Sleeper"
"5826791559","chandler-2-piece-sectional","UPDATE","Chandler 2-Piece Sectional","Klaussner","sectionals-sale","24055393735","34595720455","MERGE","Material","Fabric","Configuration","Right Facing Corner Sofa","Sleeper","Dreamquest Innerspring Full Mattress"
"5826791559","chandler-2-piece-sectional","UPDATE","Chandler 2-Piece Sectional","Klaussner","sectionals-sale","24055393799","34595720519","MERGE","Material","Fabric","Configuration","Right Facing Corner Sofa","Sleeper","Enso Memory Foam Full Mattress"
"5826791559","chandler-2-piece-sectional","UPDATE","Chandler 2-Piece Sectional","Klaussner","sectionals-sale","24055393863","34595720583","MERGE","Material","Fabric","Configuration","Right Facing Corner Sofa","Sleeper","Aircoil Full Sleeper"
"5826791559","chandler-2-piece-sectional","UPDATE","Chandler 2-Piece Sectional","Klaussner","sectionals-sale","16263374209114","16060826386522","MERGE","Material","Leather","Configuration","Left Facing Corner Sofa","Sleeper","No Sleeper"
"5826791559","chandler-2-piece-sectional","UPDATE","Chandler 2-Piece Sectional","Klaussner","sectionals-sale","16263376240730","16060827992154","MERGE","Material","Leather","Configuration","Left Facing Corner Sofa","Sleeper","Dreamquest Innerspring Full Mattress"
"5826791559","chandler-2-piece-sectional","UPDATE","Chandler 2-Piece Sectional","Klaussner","sectionals-sale","16263376601178","16060828024922","MERGE","Material","Leather","Configuration","Left Facing Corner Sofa","Sleeper","Enso Memory Foam Full Mattress"
"5826791559","chandler-2-piece-sectional","UPDATE","Chandler 2-Piece Sectional","Klaussner","sectionals-sale","16263447511130","16060884025434","MERGE","Material","Leather","Configuration","Left Facing Corner Sofa with FREE Storage Ottoman","Sleeper","No Sleeper"
"5826791559","chandler-2-piece-sectional","UPDATE","Chandler 2-Piece Sectional","Klaussner","sectionals-sale","16263380533338","16060830384218","MERGE","Material","Leather","Configuration","Right Facing Corner Sofa","Sleeper","No Sleeper"
"5826791559","chandler-2-piece-sectional","UPDATE","Chandler 2-Piece Sectional","Klaussner","sectionals-sale","16263380697178","16060830449754","MERGE","Material","Leather","Configuration","Right Facing Corner Sofa","Sleeper","Dreamquest Innerspring Full Mattress"
"5826791559","chandler-2-piece-sectional","UPDATE","Chandler 2-Piece Sectional","Klaussner","sectionals-sale","16263380729946","16060830580826","MERGE","Material","Leather","Configuration","Right Facing Corner Sofa","Sleeper","Enso Memory Foam Full Mattress"
"5826791559","chandler-2-piece-sectional","UPDATE","Chandler 2-Piece Sectional","Klaussner","sectionals-sale","16263451312218","16060886548570","MERGE","Material","Leather","Configuration","Right Facing Corner Sofa with FREE Ottoman","Sleeper","No Sleeper"
"6377340423","kahuna-sectional","UPDATE","Kahuna Sectional","Mstar","sectionals-sale","24021095943","34560213255","MERGE","Sleeper","No Sleeper + Bonus: *Free* Ottoman","Sectional Configuration","Right Arm Facing Chaise","",""
"6377340423","kahuna-sectional","UPDATE","Kahuna Sectional","Mstar","sectionals-sale","12190080794738","12137565126770","MERGE","Sleeper","No Sleeper + Bonus: *Free* Ottoman","Sectional Configuration","Left Arm Facing Chaise","",""
"6377340423","kahuna-sectional","UPDATE","Kahuna Sectional","Mstar","sectionals-sale","12190080696434","12137565028466","MERGE","Sleeper","Innerspring Full Sleeper","Sectional Configuration","Right Arm Facing Chaise","",""
"6377340423","kahuna-sectional","UPDATE","Kahuna Sectional","Mstar","sectionals-sale","12190080827506","12137565159538","MERGE","Sleeper","Innerspring Full Sleeper","Sectional Configuration","Left Arm Facing Chaise","",""
"6377340423","kahuna-sectional","UPDATE","Kahuna Sectional","Mstar","sectionals-sale","12190080729202","12137565061234","MERGE","Sleeper","Memory Foam Full Sleeper","Sectional Configuration","Right Arm Facing Chaise","",""
"6377340423","kahuna-sectional","UPDATE","Kahuna Sectional","Mstar","sectionals-sale","12190080893042","12137565192306","MERGE","Sleeper","Memory Foam Full Sleeper","Sectional Configuration","Left Arm Facing Chaise","",""
"6377340423","kahuna-sectional","UPDATE","Kahuna Sectional","Mstar","sectionals-sale","12190080761970","12137565094002","MERGE","Sleeper","Aircoil Full Sleeper","Sectional Configuration","Right Arm Facing Chaise","",""
"6377340423","kahuna-sectional","UPDATE","Kahuna Sectional","Mstar","sectionals-sale","12190080925810","12137565257842","MERGE","Sleeper","Aircoil Full Sleeper","Sectional Configuration","Left Arm Facing Chaise","",""
"8281725383","tilly-chair-sleeper","UPDATE","Tilly Chairbed","Klaussner","sofa chairs-sale","30916818643","42039951635","MERGE","Material","Microfiber","Color","White","sleeper","Innerspring Sleeper"
"8281725383","tilly-chair-sleeper","UPDATE","Tilly Chairbed","Klaussner","sofa chairs-sale","30916818707","42039951699","MERGE","Material","Microfiber","Color","White","sleeper","Enso Memory Foam Sleeper"
"8281725383","tilly-chair-sleeper","UPDATE","Tilly Chairbed","Klaussner","sofa chairs-sale","30916818899","42039951891","MERGE","Material","Microfiber","Color","Cream","sleeper","Innerspring Sleeper"
"8281725383","tilly-chair-sleeper","UPDATE","Tilly Chairbed","Klaussner","sofa chairs-sale","30916818963","42039951955","MERGE","Material","Microfiber","Color","Cream","sleeper","Enso Memory Foam Sleeper"
"8281725383","tilly-chair-sleeper","UPDATE","Tilly Chairbed","Klaussner","sofa chairs-sale","30916819155","42039952147","MERGE","Material","Microfiber","Color","Gray","sleeper","Innerspring Sleeper"
"8281725383","tilly-chair-sleeper","UPDATE","Tilly Chairbed","Klaussner","sofa chairs-sale","30916819219","42039952211","MERGE","Material","Microfiber","Color","Gray","sleeper","Enso Memory Foam Sleeper"
"8281725383","tilly-chair-sleeper","UPDATE","Tilly Chairbed","Klaussner","sofa chairs-sale","30916819411","42039952403","MERGE","Material","Microfiber","Color","Brown","sleeper","Innerspring Sleeper"
"8281725383","tilly-chair-sleeper","UPDATE","Tilly Chairbed","Klaussner","sofa chairs-sale","30916819475","42039952467","MERGE","Material","Microfiber","Color","Brown","sleeper","Enso Memory Foam Sleeper"
"8281725383","tilly-chair-sleeper","UPDATE","Tilly Chairbed","Klaussner","sofa chairs-sale","30916819731","42039952659","MERGE","Material","Microfiber","Color","Red","sleeper","Innerspring Sleeper"
"8281725383","tilly-chair-sleeper","UPDATE","Tilly Chairbed","Klaussner","sofa chairs-sale","30916819795","42039952723","MERGE","Material","Microfiber","Color","Red","sleeper","Enso Memory Foam Sleeper"
"8281725383","tilly-chair-sleeper","UPDATE","Tilly Chairbed","Klaussner","sofa chairs-sale","30916819987","42039952979","MERGE","Material","Microfiber","Color","Blue","sleeper","Innerspring Sleeper"
"8281725383","tilly-chair-sleeper","UPDATE","Tilly Chairbed","Klaussner","sofa chairs-sale","30916820051","42039953043","MERGE","Material","Microfiber","Color","Blue","sleeper","Enso Memory Foam Sleeper"
"8281725383","tilly-chair-sleeper","UPDATE","Tilly Chairbed","Klaussner","sofa chairs-sale","30916820243","42039953235","MERGE","Material","Microfiber","Color","Black","sleeper","Innerspring Sleeper"
"8281725383","tilly-chair-sleeper","UPDATE","Tilly Chairbed","Klaussner","sofa chairs-sale","30916820307","42039953299","MERGE","Material","Microfiber","Color","Black","sleeper","Enso Memory Foam Sleeper"
"8281725383","tilly-chair-sleeper","UPDATE","Tilly Chairbed","Klaussner","sofa chairs-sale","30916820499","42039953491","MERGE","Material","Cotton","Color","White","sleeper","Innerspring Sleeper"
"8281725383","tilly-chair-sleeper","UPDATE","Tilly Chairbed","Klaussner","sofa chairs-sale","30916820563","42039953555","MERGE","Material","Cotton","Color","White","sleeper","Enso Memory Foam Sleeper"
"8281725383","tilly-chair-sleeper","UPDATE","Tilly Chairbed","Klaussner","sofa chairs-sale","30916820755","42039953747","MERGE","Material","Cotton","Color","Cream","sleeper","Innerspring Sleeper"
"8281725383","tilly-chair-sleeper","UPDATE","Tilly Chairbed","Klaussner","sofa chairs-sale","30916820819","42039953875","MERGE","Material","Cotton","Color","Cream","sleeper","Enso Memory Foam Sleeper"
"8281725383","tilly-chair-sleeper","UPDATE","Tilly Chairbed","Klaussner","sofa chairs-sale","30916821011","42039954067","MERGE","Material","Cotton","Color","Gray","sleeper","Innerspring Sleeper"
"8281725383","tilly-chair-sleeper","UPDATE","Tilly Chairbed","Klaussner","sofa chairs-sale","30916821075","42039954131","MERGE","Material","Cotton","Color","Gray","sleeper","Enso Memory Foam Sleeper"
"8281725383","tilly-chair-sleeper","UPDATE","Tilly Chairbed","Klaussner","sofa chairs-sale","30916821267","42039954323","MERGE","Material","Cotton","Color","Brown","sleeper","Innerspring Sleeper"
"8281725383","tilly-chair-sleeper","UPDATE","Tilly Chairbed","Klaussner","sofa chairs-sale","30916821331","42039954387","MERGE","Material","Cotton","Color","Brown","sleeper","Enso Memory Foam Sleeper"
"8281725383","tilly-chair-sleeper","UPDATE","Tilly Chairbed","Klaussner","sofa chairs-sale","30916821523","42039954579","MERGE","Material","Cotton","Color","Red","sleeper","Innerspring Sleeper"
"8281725383","tilly-chair-sleeper","UPDATE","Tilly Chairbed","Klaussner","sofa chairs-sale","30916821587","42039954643","MERGE","Material","Cotton","Color","Red","sleeper","Enso Memory Foam Sleeper"
"8281725383","tilly-chair-sleeper","UPDATE","Tilly Chairbed","Klaussner","sofa chairs-sale","30916821779","42039954835","MERGE","Material","Cotton","Color","Blue","sleeper","Innerspring Sleeper"
"8281725383","tilly-chair-sleeper","UPDATE","Tilly Chairbed","Klaussner","sofa chairs-sale","30916821843","42039954963","MERGE","Material","Cotton","Color","Blue","sleeper","Enso Memory Foam Sleeper"
"8280114311","tilly-chair","UPDATE","Tilly Chair","Klaussner","chairs-sale","24055399303","34595725959","MERGE","Material","Microfiber","Color","White","",""
"8280114311","tilly-chair","UPDATE","Tilly Chair","Klaussner","chairs-sale","24055399367","34595726023","MERGE","Material","Microfiber","Color","Cream","",""
"8280114311","tilly-chair","UPDATE","Tilly Chair","Klaussner","chairs-sale","24055399431","34595726087","MERGE","Material","Microfiber","Color","Gray","",""
"8280114311","tilly-chair","UPDATE","Tilly Chair","Klaussner","chairs-sale","24055399495","34595726151","MERGE","Material","Microfiber","Color","Brown","",""
"8280114311","tilly-chair","UPDATE","Tilly Chair","Klaussner","chairs-sale","24055399559","34595726215","MERGE","Material","Microfiber","Color","Red","",""
"8280114311","tilly-chair","UPDATE","Tilly Chair","Klaussner","chairs-sale","24055399623","34595726279","MERGE","Material","Microfiber","Color","Blue","",""
"8280114311","tilly-chair","UPDATE","Tilly Chair","Klaussner","chairs-sale","24055399687","34595726343","MERGE","Material","Microfiber","Color","Black","",""
"8280114311","tilly-chair","UPDATE","Tilly Chair","Klaussner","chairs-sale","24055399751","34595726407","MERGE","Material","Cotton","Color","White","",""
"8280114311","tilly-chair","UPDATE","Tilly Chair","Klaussner","chairs-sale","24055399815","34595726471","MERGE","Material","Cotton","Color","Cream","",""
"8280114311","tilly-chair","UPDATE","Tilly Chair","Klaussner","chairs-sale","24055399879","34595726535","MERGE","Material","Cotton","Color","Gray","",""
"8280114311","tilly-chair","UPDATE","Tilly Chair","Klaussner","chairs-sale","24055399943","34595726599","MERGE","Material","Cotton","Color","Brown","",""
"8280114311","tilly-chair","UPDATE","Tilly Chair","Klaussner","chairs-sale","24055400007","34595726663","MERGE","Material","Cotton","Color","Red","",""
"8280114311","tilly-chair","UPDATE","Tilly Chair","Klaussner","chairs-sale","24055400071","34595726727","MERGE","Material","Cotton","Color","Blue","",""
"8727362055","georgia-2-piece-sectional","UPDATE","Georgia 2-Piece Sectional","Klaussner","sectionals-sale","24021044999","34560161671","MERGE","Sleeper","Right Arm Facing Chaise","Orientation","No Sleeper","",""
"8727362055","georgia-2-piece-sectional","UPDATE","Georgia 2-Piece Sectional","Klaussner","sectionals-sale","24021045063","34560161735","MERGE","Sleeper","Right Arm Facing Chaise","Orientation","Innerspring Queen Sleeper","",""
"8727362055","georgia-2-piece-sectional","UPDATE","Georgia 2-Piece Sectional","Klaussner","sectionals-sale","24021045127","34560161799","MERGE","Sleeper","Right Arm Facing Chaise","Orientation","Enso Memory Foam Queen Sleeper","",""
"8727362055","georgia-2-piece-sectional","UPDATE","Georgia 2-Piece Sectional","Klaussner","sectionals-sale","24021045191","34560161863","MERGE","Sleeper","Right Arm Facing Chaise","Orientation","Air Coil Queen Sleeper","",""
"8727362055","georgia-2-piece-sectional","UPDATE","Georgia 2-Piece Sectional","Klaussner","sectionals-sale","24021044743","34560161415","MERGE","Sleeper","Left Arm Facing Chaise","Orientation","No Sleeper","",""
"8727362055","georgia-2-piece-sectional","UPDATE","Georgia 2-Piece Sectional","Klaussner","sectionals-sale","24021044807","34560161479","MERGE","Sleeper","Left Arm Facing Chaise","Orientation","Innerspring Queen Sleeper","",""
"8727362055","georgia-2-piece-sectional","UPDATE","Georgia 2-Piece Sectional","Klaussner","sectionals-sale","24021044871","34560161543","MERGE","Sleeper","Left Arm Facing Chaise","Orientation","Enso Memory Foam Queen Sleeper","",""
"8727362055","georgia-2-piece-sectional","UPDATE","Georgia 2-Piece Sectional","Klaussner","sectionals-sale","24021044935","34560161607","MERGE","Sleeper","Left Arm Facing Chaise","Orientation","Air Coil Queen Sleeper","",""
"9666064775","willowton-mirror","UPDATE","Willowton Mirror","Ashley","mirrors-sale","25805183303","36371460679","MERGE","Color","White","","","",""
"9666036359","willowton-dresser","UPDATE","Willowton Dresser","Ashley","dressers-sale","379319615507","390640500755","MERGE","Color","White","","","",""
"9666072199","willowton-chest","UPDATE","Willowton Chest","Ashley","chests-sale","379319582739","390640467987","MERGE","Color","White","","","",""
"9597983815","sydney-2-piece-sectional","UPDATE","Sydney 2 Piece Sectional","Craftmaster","sectionals-sale","24873824775","35432781703","MERGE","Configuration","Left Arm Facing Sofa","","","",""
"9597983815","sydney-2-piece-sectional","UPDATE","Sydney 2 Piece Sectional","Craftmaster","sectionals-sale","24873824839","35432781767","MERGE","Configuration","Right Arm Facing Sofa","","","",""
"9666076679","willowton-nightstand","UPDATE","Willowton Nightstand","Ashley","nightstands-sale","379319549971","390640435219","MERGE","Color","White","","","",""
"9666104775","willowton-panel-bed","UPDATE","Willowton Panel Bed","Ashley","beds-sale","379319418899","390640304147","MERGE","Size","Queen","Color","White","",""
"9666104775","willowton-panel-bed","UPDATE","Willowton Panel Bed","Ashley","beds-sale","12240237101170","12187674214514","MERGE","Size","Twin","Color","White","",""
"9666104775","willowton-panel-bed","UPDATE","Willowton Panel Bed","Ashley","beds-sale","12240237133938","12187674247282","MERGE","Size","Full","Color","White","",""
"9666104775","willowton-panel-bed","UPDATE","Willowton Panel Bed","Ashley","beds-sale","379319451667","390640336915","MERGE","Size","King","Color","White","",""
"9666080199","willowton-sleigh-bed","UPDATE","Willowton Sleigh Bed","Ashley","beds-sale","379319484435","390640369683","MERGE","Size","Queen","Color","White","",""
"9666080199","willowton-sleigh-bed","UPDATE","Willowton Sleigh Bed","Ashley","beds-sale","379319517203","390640402451","MERGE","Size","King","Color","White","",""
"10058333447","jayceon-sectional","UPDATE","Jayceon Sectional + Bonus: *Free* Ottoman","Ashley","Sectionals-sale","29405600455","40310744455","MERGE","Sectional Configuration","RAF Corner Chaise + Armless Loveseat + LAF Sofa","Color","Gray","",""
"10058333447","jayceon-sectional","UPDATE","Jayceon Sectional + Bonus: *Free* Ottoman","Ashley","Sectionals-sale","29405600519","40310744519","MERGE","Sectional Configuration","LAF Corner Chaise + Armless Loveseat + RAF Sofa","Color","Gray","",""
"10058320199","jayceon-oversized-accent-ottoman","UPDATE","Jayceon Oversized Accent Ottoman","Ashley","Ottomans-sale","29405534279","40310688647","MERGE","Color","Gray","","","",""
"10058320199","jayceon-oversized-accent-ottoman","UPDATE","Jayceon Oversized Accent Ottoman","Ashley","Ottomans-sale","34178620051","45375842323","MERGE","Color","Brown","","","",""
"9666118279","willowton-panel-bedroom-set","UPDATE","Willowton Panel Bedroom Set","Ashley","bedroom sets-sale","12240238837874","12187675951218","MERGE","Size","King","Configuration","Bed + Dresser + Mirror + Bonus: 2 *Free* Nightstands","Color","White"
"9666118279","willowton-panel-bedroom-set","UPDATE","Willowton Panel Bedroom Set","Ashley","bedroom sets-sale","12240238805106","12187675918450","MERGE","Size","Queen","Configuration","Bed + Dresser + Mirror + Bonus: 2 *Free* Nightstands","Color","White"
"9666118279","willowton-panel-bedroom-set","UPDATE","Willowton Panel Bedroom Set","Ashley","bedroom sets-sale","12240238870642","12187675983986","MERGE","Size","Twin","Configuration","Bed + Dresser + Mirror + 2 Nightstands","Color","White"
"9666118279","willowton-panel-bedroom-set","UPDATE","Willowton Panel Bedroom Set","Ashley","bedroom sets-sale","12240238903410","12187676016754","MERGE","Size","Full","Configuration","Bed + Dresser + Mirror + 2 Nightstands","Color","White"
"10327850259","tilly-sofa","UPDATE","Tilly Sofa","Klaussner","sofas-sale","30792276051","41887891347","MERGE","Material","Microfiber","Color","Cream","Sleeper","No Sleeper"
"10327850259","tilly-sofa","UPDATE","Tilly Sofa","Klaussner","sofas-sale","30792276883","41887892371","MERGE","Material","Microfiber","Color","Cream","Sleeper","Innerspring Sleeper"
"10327850259","tilly-sofa","UPDATE","Tilly Sofa","Klaussner","sofas-sale","30792277715","41887893203","MERGE","Material","Microfiber","Color","Cream","Sleeper","Enso Memory Foam Sleeper"
"10327850259","tilly-sofa","UPDATE","Tilly Sofa","Klaussner","sofas-sale","30792278547","41887894035","MERGE","Material","Microfiber","Color","Cream","Sleeper","Air Coil Sleeper"
"10829421395","willowton-sleigh-bedroom-set","UPDATE","Willowton Sleigh Bedroom Set","Ashley","bedroom sets-sale","33153659404378","31563115823194","MERGE","Size","Queen","Configuration","Bed + Chest + Dresser + Mirror","",""
"10829421395","willowton-sleigh-bedroom-set","UPDATE","Willowton Sleigh Bedroom Set","Ashley","bedroom sets-sale","33153659437146","31563115855962","MERGE","Size","Queen","Configuration","Bed + Dresser + Mirror + Brittany Firm Mattress +Foundation","",""
"10829421395","willowton-sleigh-bedroom-set","UPDATE","Willowton Sleigh Bedroom Set","Ashley","bedroom sets-sale","33153659469914","31563115888730","MERGE","Size","Queen","Configuration","Bed + Dresser + Mirror + Brittany Plush Mattress +Foundation","",""
"10829421395","willowton-sleigh-bedroom-set","UPDATE","Willowton Sleigh Bedroom Set","Ashley","bedroom sets-sale","33153659502682","31563115954266","MERGE","Size","King","Configuration","Bed + Chest + Dresser + Mirror","",""
"10829421395","willowton-sleigh-bedroom-set","UPDATE","Willowton Sleigh Bedroom Set","Ashley","bedroom sets-sale","33153659535450","31563115987034","MERGE","Size","King","Configuration","Bed + Dresser + Mirror + Brittany Firm Mattress +Foundation","",""
"10829421395","willowton-sleigh-bedroom-set","UPDATE","Willowton Sleigh Bedroom Set","Ashley","bedroom sets-sale","33153659568218","31563116052570","MERGE","Size","King","Configuration","Bed + Dresser + Mirror + Brittany Plush Mattress +Foundation","",""
"10327860243","tilly-sofa-bed","UPDATE","Tilly Sofa Bed","Klaussner","sofas-sale","30792395475","41888010963","MERGE","Material","Microfiber","Color","White","Sleeper","Innerspring Sleeper"
"10327860243","tilly-sofa-bed","UPDATE","Tilly Sofa Bed","Klaussner","sofas-sale","30792395539","41888011027","MERGE","Material","Microfiber","Color","Cream","Sleeper","Innerspring Sleeper"
"10327860243","tilly-sofa-bed","UPDATE","Tilly Sofa Bed","Klaussner","sofas-sale","30792395603","41888011091","MERGE","Material","Microfiber","Color","Gray","Sleeper","Innerspring Sleeper"
"10327860243","tilly-sofa-bed","UPDATE","Tilly Sofa Bed","Klaussner","sofas-sale","30792395667","41888011155","MERGE","Material","Microfiber","Color","Brown","Sleeper","Innerspring Sleeper"
"10327860243","tilly-sofa-bed","UPDATE","Tilly Sofa Bed","Klaussner","sofas-sale","30792395731","41888011219","MERGE","Material","Microfiber","Color","Red","Sleeper","Innerspring Sleeper"
"10327860243","tilly-sofa-bed","UPDATE","Tilly Sofa Bed","Klaussner","sofas-sale","30792395795","41888011283","MERGE","Material","Microfiber","Color","Blue","Sleeper","Innerspring Sleeper"
"10327860243","tilly-sofa-bed","UPDATE","Tilly Sofa Bed","Klaussner","sofas-sale","30792395859","41888011347","MERGE","Material","Microfiber","Color","Black","Sleeper","Innerspring Sleeper"
"10327860243","tilly-sofa-bed","UPDATE","Tilly Sofa Bed","Klaussner","sofas-sale","30792395923","41888011411","MERGE","Material","Cotton","Color","White","Sleeper","Innerspring Sleeper"
"10327860243","tilly-sofa-bed","UPDATE","Tilly Sofa Bed","Klaussner","sofas-sale","30792395987","41888011475","MERGE","Material","Cotton","Color","Cream","Sleeper","Innerspring Sleeper"
"10327860243","tilly-sofa-bed","UPDATE","Tilly Sofa Bed","Klaussner","sofas-sale","30792396051","41888011539","MERGE","Material","Cotton","Color","Gray","Sleeper","Innerspring Sleeper"
"10327860243","tilly-sofa-bed","UPDATE","Tilly Sofa Bed","Klaussner","sofas-sale","30792396115","41888011603","MERGE","Material","Cotton","Color","Brown","Sleeper","Innerspring Sleeper"
"10327860243","tilly-sofa-bed","UPDATE","Tilly Sofa Bed","Klaussner","sofas-sale","30792396179","41888011667","MERGE","Material","Cotton","Color","Red","Sleeper","Innerspring Sleeper"
"10327860243","tilly-sofa-bed","UPDATE","Tilly Sofa Bed","Klaussner","sofas-sale","30792396243","41888011731","MERGE","Material","Cotton","Color","Blue","Sleeper","Innerspring Sleeper"
"10327860243","tilly-sofa-bed","UPDATE","Tilly Sofa Bed","Klaussner","sofas-sale","30792396307","41888011795","MERGE","Material","Microfiber","Color","White","Sleeper","Enso Memory Foam Sleeper"
"10327860243","tilly-sofa-bed","UPDATE","Tilly Sofa Bed","Klaussner","sofas-sale","30792396371","41888011859","MERGE","Material","Microfiber","Color","Cream","Sleeper","Enso Memory Foam Sleeper"
"10327860243","tilly-sofa-bed","UPDATE","Tilly Sofa Bed","Klaussner","sofas-sale","30792396435","41888011923","MERGE","Material","Microfiber","Color","Gray","Sleeper","Enso Memory Foam Sleeper"
"10327860243","tilly-sofa-bed","UPDATE","Tilly Sofa Bed","Klaussner","sofas-sale","30792396499","41888011987","MERGE","Material","Microfiber","Color","Brown","Sleeper","Enso Memory Foam Sleeper"
"10327860243","tilly-sofa-bed","UPDATE","Tilly Sofa Bed","Klaussner","sofas-sale","30792396563","41888012051","MERGE","Material","Microfiber","Color","Red","Sleeper","Enso Memory Foam Sleeper"
"10327860243","tilly-sofa-bed","UPDATE","Tilly Sofa Bed","Klaussner","sofas-sale","30792396627","41888012115","MERGE","Material","Microfiber","Color","Blue","Sleeper","Enso Memory Foam Sleeper"
"10327860243","tilly-sofa-bed","UPDATE","Tilly Sofa Bed","Klaussner","sofas-sale","30792396691","41888012179","MERGE","Material","Microfiber","Color","Black","Sleeper","Enso Memory Foam Sleeper"
"10327860243","tilly-sofa-bed","UPDATE","Tilly Sofa Bed","Klaussner","sofas-sale","30792396755","41888012243","MERGE","Material","Cotton","Color","White","Sleeper","Enso Memory Foam Sleeper"
"10327860243","tilly-sofa-bed","UPDATE","Tilly Sofa Bed","Klaussner","sofas-sale","30792396819","41888012307","MERGE","Material","Cotton","Color","Cream","Sleeper","Enso Memory Foam Sleeper"
"10327860243","tilly-sofa-bed","UPDATE","Tilly Sofa Bed","Klaussner","sofas-sale","30792396883","41888012371","MERGE","Material","Cotton","Color","Gray","Sleeper","Enso Memory Foam Sleeper"
"10327860243","tilly-sofa-bed","UPDATE","Tilly Sofa Bed","Klaussner","sofas-sale","30792396947","41888012435","MERGE","Material","Cotton","Color","Brown","Sleeper","Enso Memory Foam Sleeper"
"10327860243","tilly-sofa-bed","UPDATE","Tilly Sofa Bed","Klaussner","sofas-sale","30792397011","41888012499","MERGE","Material","Cotton","Color","Red","Sleeper","Enso Memory Foam Sleeper"
"10327860243","tilly-sofa-bed","UPDATE","Tilly Sofa Bed","Klaussner","sofas-sale","30792397075","41888012563","MERGE","Material","Cotton","Color","Blue","Sleeper","Enso Memory Foam Sleeper"
"10327860243","tilly-sofa-bed","UPDATE","Tilly Sofa Bed","Klaussner","sofas-sale","30792397139","41888012627","MERGE","Material","Microfiber","Color","White","Sleeper","Air Coil Sleeper"
"10327860243","tilly-sofa-bed","UPDATE","Tilly Sofa Bed","Klaussner","sofas-sale","30792397203","41888012691","MERGE","Material","Microfiber","Color","Cream","Sleeper","Air Coil Sleeper"
"10327860243","tilly-sofa-bed","UPDATE","Tilly Sofa Bed","Klaussner","sofas-sale","30792397267","41888012755","MERGE","Material","Microfiber","Color","Gray","Sleeper","Air Coil Sleeper"
"10327860243","tilly-sofa-bed","UPDATE","Tilly Sofa Bed","Klaussner","sofas-sale","30792397331","41888012819","MERGE","Material","Microfiber","Color","Brown","Sleeper","Air Coil Sleeper"
"10327860243","tilly-sofa-bed","UPDATE","Tilly Sofa Bed","Klaussner","sofas-sale","30792397395","41888012883","MERGE","Material","Microfiber","Color","Red","Sleeper","Air Coil Sleeper"
"10327860243","tilly-sofa-bed","UPDATE","Tilly Sofa Bed","Klaussner","sofas-sale","30792397459","41888012947","MERGE","Material","Microfiber","Color","Blue","Sleeper","Air Coil Sleeper"
"10327860243","tilly-sofa-bed","UPDATE","Tilly Sofa Bed","Klaussner","sofas-sale","30792397523","41888013011","MERGE","Material","Microfiber","Color","Black","Sleeper","Air Coil Sleeper"
"10327860243","tilly-sofa-bed","UPDATE","Tilly Sofa Bed","Klaussner","sofas-sale","30792397587","41888013075","MERGE","Material","Cotton","Color","White","Sleeper","Air Coil Sleeper"
"10327860243","tilly-sofa-bed","UPDATE","Tilly Sofa Bed","Klaussner","sofas-sale","30792397651","41888013139","MERGE","Material","Cotton","Color","Cream","Sleeper","Air Coil Sleeper"
"10327860243","tilly-sofa-bed","UPDATE","Tilly Sofa Bed","Klaussner","sofas-sale","30792397715","41888013203","MERGE","Material","Cotton","Color","Gray","Sleeper","Air Coil Sleeper"
"10327860243","tilly-sofa-bed","UPDATE","Tilly Sofa Bed","Klaussner","sofas-sale","30792397779","41888013267","MERGE","Material","Cotton","Color","Brown","Sleeper","Air Coil Sleeper"
"10327860243","tilly-sofa-bed","UPDATE","Tilly Sofa Bed","Klaussner","sofas-sale","30792397843","41888013331","MERGE","Material","Cotton","Color","Red","Sleeper","Air Coil Sleeper"
"10327860243","tilly-sofa-bed","UPDATE","Tilly Sofa Bed","Klaussner","sofas-sale","30792397907","41888013395","MERGE","Material","Cotton","Color","Blue","Sleeper","Air Coil Sleeper"
"12457319315","chadoni-server","UPDATE","Chadoni Server","Ashley","servers-sale","16722082103386","16461164707930","MERGE","Title","Default Title","","","",""
"12457316051","chadoni-dining-set","UPDATE","Chadoni Dining Set","Ashley","dining sets-sale","15930787332186","15802018922586","MERGE","Room Configuration","Table + 4 Chairs + Bonus: 2 *Free* Chairs","","","",""
"12457316051","chadoni-dining-set","UPDATE","Chadoni Dining Set","Ashley","dining sets-sale","18166403432538","17701409161306","MERGE","Room Configuration","Table + 6 Chairs","","","",""
"195656220691","stacey-sofa-pres-day","UPDATE","Stacey Sofa","Craftmaster","Sofas-sale","1238009774099","1240416419859","MERGE","Color","As Pictured","","","",""
"195656220691","stacey-sofa-pres-day","UPDATE","Stacey Sofa","Craftmaster","Sofas-sale","1238009806867","1240416452627","MERGE","Color","Bahama","","","",""
"195656220691","stacey-sofa-pres-day","UPDATE","Stacey Sofa","Craftmaster","Sofas-sale","1238009839635","1240416485395","MERGE","Color","Bamboo","","","",""
"195656220691","stacey-sofa-pres-day","UPDATE","Stacey Sofa","Craftmaster","Sofas-sale","1238009872403","1240416518163","MERGE","Color","LORETTO","","","",""
"195656220691","stacey-sofa-pres-day","UPDATE","Stacey Sofa","Craftmaster","Sofas-sale","1238009905171","1240416550931","MERGE","Color","ALERO","","","",""
"195656220691","stacey-sofa-pres-day","UPDATE","Stacey Sofa","Craftmaster","Sofas-sale","1238009937939","1240416583699","MERGE","Color","MAINE","","","",""
"195656220691","stacey-sofa-pres-day","UPDATE","Stacey Sofa","Craftmaster","Sofas-sale","1238009970707","1240416616467","MERGE","Color","MOXIE","","","",""
"195656220691","stacey-sofa-pres-day","UPDATE","Stacey Sofa","Craftmaster","Sofas-sale","1238010003475","1240416649235","MERGE","Color","BAHAMA LIGHT","","","",""
"195656220691","stacey-sofa-pres-day","UPDATE","Stacey Sofa","Craftmaster","Sofas-sale","1238010036243","1240416714771","MERGE","Color","ZUMA","","","",""
"195656155155","stacey-queen-size-sofa-bed","UPDATE","Stacey Queen-Size Sofa Bed","Craftmaster","Sofa Sleeper-sale","1238008856595","1240415502355","MERGE","Color","As Pictured","Sleeper","Innerspring Sleeper","",""
"195656155155","stacey-queen-size-sofa-bed","UPDATE","Stacey Queen-Size Sofa Bed","Craftmaster","Sofa Sleeper-sale","1400434130963","1388007718931","MERGE","Color","As Pictured","Sleeper","No-Sleeper","",""
"195656155155","stacey-queen-size-sofa-bed","UPDATE","Stacey Queen-Size Sofa Bed","Craftmaster","Sofa Sleeper-sale","1238008889363","1240415535123","MERGE","Color","As Pictured","Sleeper","Enso Memory Foam Sleeper","",""
"195656155155","stacey-queen-size-sofa-bed","UPDATE","Stacey Queen-Size Sofa Bed","Craftmaster","Sofa Sleeper-sale","1238008922131","1240415567891","MERGE","Color","As Pictured","Sleeper","Air Coil Sleeper","",""
"195656155155","stacey-queen-size-sofa-bed","UPDATE","Stacey Queen-Size Sofa Bed","Craftmaster","Sofa Sleeper-sale","1238008954899","1240415600659","MERGE","Color","Bahama","Sleeper","Innerspring Sleeper","",""
"195656155155","stacey-queen-size-sofa-bed","UPDATE","Stacey Queen-Size Sofa Bed","Craftmaster","Sofa Sleeper-sale","1400434163731","1388007751699","MERGE","Color","Bahama","Sleeper","No-Sleeper","",""
"195656155155","stacey-queen-size-sofa-bed","UPDATE","Stacey Queen-Size Sofa Bed","Craftmaster","Sofa Sleeper-sale","1238008987667","1240415633427","MERGE","Color","Bahama","Sleeper","Enso Memory Foam Sleeper","",""
"195656155155","stacey-queen-size-sofa-bed","UPDATE","Stacey Queen-Size Sofa Bed","Craftmaster","Sofa Sleeper-sale","1238009020435","1240415666195","MERGE","Color","Bahama","Sleeper","Air Coil Sleeper","",""
"195656155155","stacey-queen-size-sofa-bed","UPDATE","Stacey Queen-Size Sofa Bed","Craftmaster","Sofa Sleeper-sale","1238009053203","1240415698963","MERGE","Color","Bamboo","Sleeper","Innerspring Sleeper","",""
"195656155155","stacey-queen-size-sofa-bed","UPDATE","Stacey Queen-Size Sofa Bed","Craftmaster","Sofa Sleeper-sale","1400434196499","1388007784467","MERGE","Color","Bamboo","Sleeper","No-Sleeper","",""
"195656155155","stacey-queen-size-sofa-bed","UPDATE","Stacey Queen-Size Sofa Bed","Craftmaster","Sofa Sleeper-sale","1238009085971","1240415731731","MERGE","Color","Bamboo","Sleeper","Enso Memory Foam Sleeper","",""
"195656155155","stacey-queen-size-sofa-bed","UPDATE","Stacey Queen-Size Sofa Bed","Craftmaster","Sofa Sleeper-sale","1238009118739","1240415764499","MERGE","Color","Bamboo","Sleeper","Air Coil Sleeper","",""
"195656155155","stacey-queen-size-sofa-bed","UPDATE","Stacey Queen-Size Sofa Bed","Craftmaster","Sofa Sleeper-sale","1238009151507","1240415797267","MERGE","Color","LORETTO","Sleeper","Innerspring Sleeper","",""
"195656155155","stacey-queen-size-sofa-bed","UPDATE","Stacey Queen-Size Sofa Bed","Craftmaster","Sofa Sleeper-sale","1400434229267","1388007817235","MERGE","Color","LORETTO","Sleeper","No-Sleeper","",""
"195656155155","stacey-queen-size-sofa-bed","UPDATE","Stacey Queen-Size Sofa Bed","Craftmaster","Sofa Sleeper-sale","1238009184275","1240415830035","MERGE","Color","LORETTO","Sleeper","Enso Memory Foam Sleeper","",""
"195656155155","stacey-queen-size-sofa-bed","UPDATE","Stacey Queen-Size Sofa Bed","Craftmaster","Sofa Sleeper-sale","1238009217043","1240415862803","MERGE","Color","LORETTO","Sleeper","Air Coil Sleeper","",""
"195656155155","stacey-queen-size-sofa-bed","UPDATE","Stacey Queen-Size Sofa Bed","Craftmaster","Sofa Sleeper-sale","1238009249811","1240415895571","MERGE","Color","ALERO","Sleeper","Innerspring Sleeper","",""
"195656155155","stacey-queen-size-sofa-bed","UPDATE","Stacey Queen-Size Sofa Bed","Craftmaster","Sofa Sleeper-sale","1400434262035","1388007850003","MERGE","Color","ALERO","Sleeper","No-Sleeper","",""
"195656155155","stacey-queen-size-sofa-bed","UPDATE","Stacey Queen-Size Sofa Bed","Craftmaster","Sofa Sleeper-sale","1238009282579","1240415928339","MERGE","Color","ALERO","Sleeper","Enso Memory Foam Sleeper","",""
"195656155155","stacey-queen-size-sofa-bed","UPDATE","Stacey Queen-Size Sofa Bed","Craftmaster","Sofa Sleeper-sale","1238009315347","1240415961107","MERGE","Color","ALERO","Sleeper","Air Coil Sleeper","",""
"195656155155","stacey-queen-size-sofa-bed","UPDATE","Stacey Queen-Size Sofa Bed","Craftmaster","Sofa Sleeper-sale","1238009348115","1240415993875","MERGE","Color","MAINE","Sleeper","Innerspring Sleeper","",""
"195656155155","stacey-queen-size-sofa-bed","UPDATE","Stacey Queen-Size Sofa Bed","Craftmaster","Sofa Sleeper-sale","1400434294803","1388007882771","MERGE","Color","MAINE","Sleeper","No-Sleeper","",""
"195656155155","stacey-queen-size-sofa-bed","UPDATE","Stacey Queen-Size Sofa Bed","Craftmaster","Sofa Sleeper-sale","1238009380883","1240416026643","MERGE","Color","MAINE","Sleeper","Enso Memory Foam Sleeper","",""
"195656155155","stacey-queen-size-sofa-bed","UPDATE","Stacey Queen-Size Sofa Bed","Craftmaster","Sofa Sleeper-sale","1238009413651","1240416059411","MERGE","Color","MAINE","Sleeper","Air Coil Sleeper","",""
"195656155155","stacey-queen-size-sofa-bed","UPDATE","Stacey Queen-Size Sofa Bed","Craftmaster","Sofa Sleeper-sale","1238009446419","1240416092179","MERGE","Color","MOXIE","Sleeper","Innerspring Sleeper","",""
"195656155155","stacey-queen-size-sofa-bed","UPDATE","Stacey Queen-Size Sofa Bed","Craftmaster","Sofa Sleeper-sale","1400434327571","1388007915539","MERGE","Color","MOXIE","Sleeper","No-Sleeper","",""
"195656155155","stacey-queen-size-sofa-bed","UPDATE","Stacey Queen-Size Sofa Bed","Craftmaster","Sofa Sleeper-sale","1238009479187","1240416124947","MERGE","Color","MOXIE","Sleeper","Enso Memory Foam Sleeper","",""
"195656155155","stacey-queen-size-sofa-bed","UPDATE","Stacey Queen-Size Sofa Bed","Craftmaster","Sofa Sleeper-sale","1238009511955","1240416157715","MERGE","Color","MOXIE","Sleeper","Air Coil Sleeper","",""
"195656155155","stacey-queen-size-sofa-bed","UPDATE","Stacey Queen-Size Sofa Bed","Craftmaster","Sofa Sleeper-sale","1238009544723","1240416190483","MERGE","Color","BAHAMA LIGHT","Sleeper","Innerspring Sleeper","",""
"195656155155","stacey-queen-size-sofa-bed","UPDATE","Stacey Queen-Size Sofa Bed","Craftmaster","Sofa Sleeper-sale","1400434360339","1388007948307","MERGE","Color","BAHAMA LIGHT","Sleeper","No-Sleeper","",""
"195656155155","stacey-queen-size-sofa-bed","UPDATE","Stacey Queen-Size Sofa Bed","Craftmaster","Sofa Sleeper-sale","1238009577491","1240416223251","MERGE","Color","BAHAMA LIGHT","Sleeper","Enso Memory Foam Sleeper","",""
"195656155155","stacey-queen-size-sofa-bed","UPDATE","Stacey Queen-Size Sofa Bed","Craftmaster","Sofa Sleeper-sale","1238009610259","1240416256019","MERGE","Color","BAHAMA LIGHT","Sleeper","Air Coil Sleeper","",""
"195656155155","stacey-queen-size-sofa-bed","UPDATE","Stacey Queen-Size Sofa Bed","Craftmaster","Sofa Sleeper-sale","1238009643027","1240416288787","MERGE","Color","ZUMA","Sleeper","Innerspring Sleeper","",""
"195656155155","stacey-queen-size-sofa-bed","UPDATE","Stacey Queen-Size Sofa Bed","Craftmaster","Sofa Sleeper-sale","1400434393107","1388007981075","MERGE","Color","ZUMA","Sleeper","No-Sleeper","",""
"195656155155","stacey-queen-size-sofa-bed","UPDATE","Stacey Queen-Size Sofa Bed","Craftmaster","Sofa Sleeper-sale","1238009675795","1240416321555","MERGE","Color","ZUMA","Sleeper","Enso Memory Foam Sleeper","",""
"195656155155","stacey-queen-size-sofa-bed","UPDATE","Stacey Queen-Size Sofa Bed","Craftmaster","Sofa Sleeper-sale","1238009708563","1240416354323","MERGE","Color","ZUMA","Sleeper","Air Coil Sleeper","",""
"1312332415090","kami-power-reclining-loveseat-with-console","UPDATE","Kami Power-Reclining Loveseat with Cup Holder Console","Klaussner","loveseats-sale","12241730732146","12189166698610","MERGE","Color","White","Material","Fabric","",""
"1312332415090","kami-power-reclining-loveseat-with-console","UPDATE","Kami Power-Reclining Loveseat with Cup Holder Console","Klaussner","loveseats-sale","12241730764914","12189166731378","MERGE","Color","Red","Material","Leather","",""
"1312332415090","kami-power-reclining-loveseat-with-console","UPDATE","Kami Power-Reclining Loveseat with Cup Holder Console","Klaussner","loveseats-sale","12241730797682","12189166764146","MERGE","Color","Brown","Material","Leather","",""
"1312332349554","kami-power-reclining-sofa","UPDATE","Kami Power-Reclining Sofa","Klaussner","sofas-sale","12241730633842","12189166600306","MERGE","Color","White","Material","Fabric","",""
"1312332349554","kami-power-reclining-sofa","UPDATE","Kami Power-Reclining Sofa","Klaussner","sofas-sale","12241730666610","12189166633074","MERGE","Color","Red","Material","Leather","",""
"1312332152946","august-sectional","UPDATE","August Sectional","Klaussner","sectionals-sale","33456721756250","31802285359194","MERGE","Sectional Configuration","Left-Arm Facing Chaise + Armless Loveseat + Corner + Right-Arm Facing Loveseat","","","",""
"1312332152946","august-sectional","UPDATE","August Sectional","Klaussner","sectionals-sale","33456721821786","31802285391962","MERGE","Sectional Configuration","Right-Arm Facing Chaise + Armless Loveseat + Corner + Left-Arm Facing Loveseat","","","",""
"1312332152946","august-sectional","UPDATE","August Sectional","Klaussner","sectionals-sale","33456721854554","31802285424730","MERGE","Sectional Configuration","Left-Arm Facing Chaise + Right-Arm Facing Loveseat","","","",""
"1312332152946","august-sectional","UPDATE","August Sectional","Klaussner","sectionals-sale","33456721887322","31802285457498","MERGE","Sectional Configuration","Right-Arm Facing Chaise + Left-Arm Facing Loveseat","","","",""
"1312331300978","kara-queen-size-sofa-bed","UPDATE","Kara Queen-Size Sofa Bed","Klaussner","sofa sleepers-sale","33457038688346","31802554351706","MERGE","Title","Default Title","","","",""
"1312332513394","kami-power-reclining-living-room-set","UPDATE","Kami Power-Reclining Living Room Set","Klaussner","living room sets-sale","12241731059826","12189167026290","MERGE","Room Configuraion","Sofa + Loveseat","","","",""
"1312332513394","kami-power-reclining-living-room-set","UPDATE","Kami Power-Reclining Living Room Set","Klaussner","living room sets-sale","12241731092594","12189167059058","MERGE","Room Configuraion","Sofa + Loveseat + Reclining Rocking Chair","","","",""
"1312332447858","kami-power-reclining-rocking-chair","UPDATE","Kami Power-Reclining Rocking Chair","Klaussner","chairs-sale","12241730863218","12189166829682","MERGE","Color","Cornsilk","Materia","Fabric","",""
"1312332447858","kami-power-reclining-rocking-chair","UPDATE","Kami Power-Reclining Rocking Chair","Klaussner","chairs-sale","12241730830450","12189166796914","MERGE","Color","Honeydew","Materia","Leather","",""
"1567459082330","altari-chair","UPDATE","Altari Chair","Ashley","accent chairs-sale","15560940453978","15414105047130","MERGE","Color","Slate","","","",""
"1567459082330","altari-chair","UPDATE","Altari Chair","Ashley","accent chairs-sale","32373496053850","30940130279514","MERGE","Color","Alloy","","","",""
"1567457706074","altari-queen-size-sofa-bed","UPDATE","Altari Queen-Size Sofa Bed","Ashley","sofa sleepers-sale","33359998615642","31723835621466","MERGE","Color","Black","Add-On Item","None","",""
"1567457706074","altari-queen-size-sofa-bed","UPDATE","Altari Queen-Size Sofa Bed","Ashley","sofa sleepers-sale","33359998648410","31723835654234","MERGE","Color","Black","Add-On Item","Loveseat","",""
"1567457706074","altari-queen-size-sofa-bed","UPDATE","Altari Queen-Size Sofa Bed","Ashley","sofa sleepers-sale","33359998681178","31723835687002","MERGE","Color","Gray","Add-On Item","None","",""
"1567457706074","altari-queen-size-sofa-bed","UPDATE","Altari Queen-Size Sofa Bed","Ashley","sofa sleepers-sale","33359998713946","31723835719770","MERGE","Color","Gray","Add-On Item","Loveseat","",""
"1567458852954","altari-loveseat","UPDATE","Altari Loveseat","Ashley","loveseats-sale","32373482750042","30940116353114","MERGE","Color","Alloy","Sleeper","No Sleeper","",""
"1567458852954","altari-loveseat","UPDATE","Altari Loveseat","Ashley","loveseats-sale","15560939733082","15414104817754","MERGE","Color","Slate","Sleeper","No Sleeper","",""
"1352678178906","kahuna-sectional-package","UPDATE","Kahuna Sectional Package","Mstar","sectionals-sale","12538838351962","12363037179994","MERGE","Ottoman Option","Bonus: *Free* Ottoman","Configuration Option","Right Arm Facing Chaise","Sleeper Option","No Sleeper"
"1352678178906","kahuna-sectional-package","UPDATE","Kahuna Sectional Package","Mstar","sectionals-sale","12538838417498","12363037245530","MERGE","Ottoman Option","Bonus: *Free* Ottoman","Configuration Option","Right Arm Facing Chaise","Sleeper Option","Innerspring Full Sleeper"
"1352678178906","kahuna-sectional-package","UPDATE","Kahuna Sectional Package","Mstar","sectionals-sale","12538838483034","12363037311066","MERGE","Ottoman Option","Bonus: *Free* Ottoman","Configuration Option","Right Arm Facing Chaise","Sleeper Option","Memory Foam Full Sleeper"
"1352678178906","kahuna-sectional-package","UPDATE","Kahuna Sectional Package","Mstar","sectionals-sale","12538838548570","12363037376602","MERGE","Ottoman Option","Bonus: *Free* Ottoman","Configuration Option","Right Arm Facing Chaise","Sleeper Option","Aircoil Full Sleeper"
"1352678178906","kahuna-sectional-package","UPDATE","Kahuna Sectional Package","Mstar","sectionals-sale","12538838384730","12363037212762","MERGE","Ottoman Option","Bonus: *Free* Ottoman","Configuration Option","Left Arm Facing Chaise","Sleeper Option","No Sleeper"
"1352678178906","kahuna-sectional-package","UPDATE","Kahuna Sectional Package","Mstar","sectionals-sale","12538838450266","12363037278298","MERGE","Ottoman Option","Bonus: *Free* Ottoman","Configuration Option","Left Arm Facing Chaise","Sleeper Option","Innerspring Full Sleeper"
"1352678178906","kahuna-sectional-package","UPDATE","Kahuna Sectional Package","Mstar","sectionals-sale","12538838515802","12363037343834","MERGE","Ottoman Option","Bonus: *Free* Ottoman","Configuration Option","Left Arm Facing Chaise","Sleeper Option","Memory Foam Full Sleeper"
"1352678178906","kahuna-sectional-package","UPDATE","Kahuna Sectional Package","Mstar","sectionals-sale","12538838581338","12363037409370","MERGE","Ottoman Option","Bonus: *Free* Ottoman","Configuration Option","Left Arm Facing Chaise","Sleeper Option","Aircoil Full Sleeper"
"1567460032602","altari-living-room-set","UPDATE","Altari Living Room Set","Ashley","living room sets-sale","32373412626522","30940054159450","MERGE","Color","Alloy","Room Configuration","Sofa + Loveseat","",""
"1567460032602","altari-living-room-set","UPDATE","Altari Living Room Set","Ashley","living room sets-sale","15560953430106","15414111436890","MERGE","Color","Slate","Room Configuration","Sofa + Loveseat","",""
"1567459311706","altari-ottoman","UPDATE","Altari Oversized Accent Ottoman","Ashley","ottomans-sale","32373455290458","30940092268634","MERGE","Color","Black","Configuration","Ottoman","",""
"1567459311706","altari-ottoman","UPDATE","Altari Oversized Accent Ottoman","Ashley","ottomans-sale","15560941305946","15414105210970","MERGE","Color","Gray","Configuration","Ottoman","",""
"1686412689498","kogel-chair","UPDATE","Kogel Chair","Craftmaster","chairs-sale","16722282578010","16461340213338","MERGE","Title","Default Title","","","",""
"1686406561882","kogel-sofa-bed","UPDATE","Kogel Sofa Bed","Craftmaster","sofas-sale","16530631721050","16287577931866","MERGE","Sleeper","Queen","","","",""
"1686410297434","kogel-loveseat","UPDATE","Kogel Loveseat","Craftmaster","loveseats-sale","16722282053722","16461340180570","MERGE","Title","Default Title","","","",""
"1686399811674","kogel-sofa","UPDATE","Kogel Sofa","Craftmaster","sofas-sale","16722280251482","16461339951194","MERGE","Title","Default Title","","","",""
"1686413672538","kogel-cocktail-ottoman","UPDATE","Kogel Cocktail Ottoman","Craftmaster","ottomans-sale","16722282643546","16461342343258","MERGE","Title","Default Title","","","",""
"1691966046298","kogel-living-room-set","UPDATE","Kogel Living Room Set","Craftmaster","living room sets-sale","16628026671194","16380253700186","MERGE","Configuration","Sofa + Loveseat","","","",""
"1691966046298","kogel-living-room-set","UPDATE","Kogel Living Room Set","Craftmaster","living room sets-sale","16628036206682","16380262940762","MERGE","Configuration","Sofa + Loveseat + Chair","","","",""
"1691966046298","kogel-living-room-set","UPDATE","Kogel Living Room Set","Craftmaster","living room sets-sale","16628036239450","16380262973530","MERGE","Configuration","Sofa + Loveseat + Chair + Ottoman","","","",""
"1906471567450","stacey-armchair","UPDATE","Stacey Armchair","Craftmaster","Chairs-sale","18063661039706","17608341487706","MERGE","Title","Default Title","","","",""
"1906278203482","stacey-swivel-side-chair","UPDATE","Stacey Swivel Side Chair","Craftmaster","Chairs-sale","18062493253722","17607329316954","MERGE","Title","Default Title","","","",""
"1965368311898","cavan-power-reclining-sectional","UPDATE","Cavan Power-Reclining Sectional","Mstar","sectionals-sale","33456724115546","31802286800986","MERGE","Title","Default Title","","","",""
"1906246910042","sherpa-swivel-armchair","UPDATE","Stacey Sherpa Swivel Armchair","Craftmaster","accent chairs-sale","18062272069722","17607140868186","MERGE","Color","Blue/White/Beige","","","",""
"4351919652954","ray-sectional","UPDATE","Ray Sectional","Mstar","sectionals-sale","32663697293402","31146919657562","MERGE","Title","Default Title","","","",""
"4295523631194","altari-sectional","UPDATE","Altari Sectional","Ashley","sectionals-sale","33420643074138","31773805084762","MERGE","Color","Slate Gray","Sectional Configuration","Left-Arm Facing Sofa + Right-Arm Facing Corner Chaise","Add-On Item","Bonus: *Free* Ottoman"
"4295523631194","altari-sectional","UPDATE","Altari Sectional","Ashley","sectionals-sale","33420643106906","31773805117530","MERGE","Color","Slate Gray","Sectional Configuration","Left-Arm Facing Sofa + Right-Arm Facing Corner Chaise","Add-On Item","Full-Size Sofa Bed"
"4295523631194","altari-sectional","UPDATE","Altari Sectional","Ashley","sectionals-sale","33420643139674","31773805150298","MERGE","Color","Slate Gray","Sectional Configuration","Right-Arm Facing Sofa + Left-Arm Facing Corner Chaise","Add-On Item","Bonus: *Free* Ottoman"
"4295523631194","altari-sectional","UPDATE","Altari Sectional","Ashley","sectionals-sale","33420643172442","31773805183066","MERGE","Color","Slate Gray","Sectional Configuration","Right-Arm Facing Sofa + Left-Arm Facing Corner Chaise","Add-On Item","Full-Size Sofa Bed"
"4295523631194","altari-sectional","UPDATE","Altari Sectional","Ashley","sectionals-sale","33420643205210","31773805215834","MERGE","Color","Alloy Gray","Sectional Configuration","Left-Arm Facing Sofa + Right-Arm Facing Corner Chaise","Add-On Item","Bonus: *Free* Ottoman"
"4295523631194","altari-sectional","UPDATE","Altari Sectional","Ashley","sectionals-sale","33420643237978","31773805248602","MERGE","Color","Alloy Gray","Sectional Configuration","Left-Arm Facing Sofa + Right-Arm Facing Corner Chaise","Add-On Item","Full-Size Sofa Bed"
"4295523631194","altari-sectional","UPDATE","Altari Sectional","Ashley","sectionals-sale","33420643270746","31773805281370","MERGE","Color","Alloy Gray","Sectional Configuration","Right-Arm Facing Sofa + Left-Arm Facing Corner Chaise","Add-On Item","Bonus: *Free* Ottoman"
"4295523631194","altari-sectional","UPDATE","Altari Sectional","Ashley","sectionals-sale","33420643303514","31773805314138","MERGE","Color","Alloy Gray","Sectional Configuration","Right-Arm Facing Sofa + Left-Arm Facing Corner Chaise","Add-On Item","Full-Size Sofa Bed"
"4351935250522","jett-power-reclining-sofa","UPDATE","Jett Power-Reclining Sofa with Power-Adjusting Headrests","Mstar","sofas-sale","32663804805210","31147010392154","MERGE","Title","Default Title","","","",""
"4351939838042","jett-power-reclining-loveseat","UPDATE","Jett Power-Reclining Loveseat with Power-Adjusting Headrests","Mstar","loveseats-sale","32663833772122","31147035230298","MERGE","Title","Default Title","","","",""
"4351949799514","jett-power-reclining-living-room-set","UPDATE","Jett Power-Reclining Living Room Set with Adjustable Headrests","Mstar","living room sets-sale","32663892590682","31147079204954","MERGE","Title","Default Title","","","",""
"4351942721626","jett-power-recliner-with-power-headrest","UPDATE","Jett Power-Reclining Chair with Power-Adjusting Headrest","Mstar","recliners-sale","32663850975322","31147047977050","MERGE","Title","Default Title","","","",""
"4477486104666","muffy-sofa-m0133s015s","UPDATE","Muffy Sofa + Bonus: *Free* Loveseat","Mstar","sofas-sale","33259581833306","31645751246938","MERGE","Title","Default Title","","","",""
"4477485187162","milly-chair-m0133s001c","UPDATE","Milly Chair","Mstar","Chairs-sale","33259574362202","31645746298970","MERGE","Title","Default Title","","","",""
"4477484892250","milly-loveseat-m0133s065l","UPDATE","Milly Loveseat","Mstar","loveseats-sale","33259572461658","31645745021018","MERGE","Title","Default Title","","","",""
"4477484236890","milly-sofa-m0133s015s","UPDATE","Milly Sofa + Bonus: *Free* Loveseat","Mstar","sofas-sale","33259569348698","31645744136282","MERGE","Title","Default Title","","","",""
"4477486563418","muffy-loveseat-m0133s065l","UPDATE","Muffy Loveseat","Mstar","loveseats-sale","33259583012954","31645751738458","MERGE","Title","Default Title","","","",""
"4482195914842","cici-living-room-set","UPDATE","Cici Living Room Set","Craftmaster","living room set-sale","33273461899354","31656049213530","MERGE","Room Configuration","Sofa + Loveseat","","","",""
"4482195914842","cici-living-room-set","UPDATE","Cici Living Room Set","Craftmaster","living room set-sale","33273461932122","31656049246298","MERGE","Room Configuration","Sofa + Loveseat + Chair","","","",""
"4482195914842","cici-living-room-set","UPDATE","Cici Living Room Set","Craftmaster","living room set-sale","33273461964890","31656049279066","MERGE","Room Configuration","Sofa + Loveseat + Chair + Ottoman","","","",""
"4477486825562","muffy-chair-m0133s001c","UPDATE","Muffy Chair","Mstar","Chairs-sale","33259583832154","31645752197210","MERGE","Title","Default Title","","","",""
"4482198700122","cici-sofa","UPDATE","Cici Sofa","Craftmaster","sofas-sale","33273256214618","31655863418970","MERGE","Title","Default Title","","","",""
"4482205384794","cici-loveseat","UPDATE","Cici Loveseat","Craftmaster","Loveseat-sale","33273276956762","31655882817626","MERGE","Title","Default Title","","","",""
"4482210857050","cici-chair","UPDATE","Cici Chair","Craftmaster","Chairs-sale","33273285115994","31655887700058","MERGE","Title","Default Title","","","",""
"4482213642330","cici-ottoman","UPDATE","Cici Ottoman","Craftmaster","Ottomans-sale","33273294159962","31655897104474","MERGE","Title","Default Title","","","",""
"4502248128602","altari-sofa","UPDATE","Altari Sofa","Ashley","sofas-sale","33360082042970","31723890671706","MERGE","Color","Black","Sofa Configuration","Sofa","Add-On Item","None"
"4502248128602","altari-sofa","UPDATE","Altari Sofa","Ashley","sofas-sale","33360082141274","31723890704474","MERGE","Color","Black","Sofa Configuration","Sofa","Add-On Item","Loveseat"
"4502248128602","altari-sofa","UPDATE","Altari Sofa","Ashley","sofas-sale","33360082174042","31723890770010","MERGE","Color","Black","Sofa Configuration","Sofa Sleeper","Add-On Item","None"
"4502248128602","altari-sofa","UPDATE","Altari Sofa","Ashley","sofas-sale","33360082206810","31723890802778","MERGE","Color","Black","Sofa Configuration","Sofa Sleeper","Add-On Item","Loveseat"
"4502248128602","altari-sofa","UPDATE","Altari Sofa","Ashley","sofas-sale","33360082239578","31723890868314","MERGE","Color","Gray","Sofa Configuration","Sofa","Add-On Item","None"
"4502248128602","altari-sofa","UPDATE","Altari Sofa","Ashley","sofas-sale","33360082272346","31723890901082","MERGE","Color","Gray","Sofa Configuration","Sofa","Add-On Item","Loveseat"
"4502248128602","altari-sofa","UPDATE","Altari Sofa","Ashley","sofas-sale","33360082305114","31723890933850","MERGE","Color","Gray","Sofa Configuration","Sofa Sleeper","Add-On Item","None"
"4502248128602","altari-sofa","UPDATE","Altari Sofa","Ashley","sofas-sale","33360082337882","31723890999386","MERGE","Color","Gray","Sofa Configuration","Sofa Sleeper","Add-On Item","Loveseat"
"4526734180442","milly-living-room-set","UPDATE","Milly Living Room Set","Mstar","living room sets-sale","33447822098522","31795045630042","MERGE","Room Configuration","Sofa + Bonus: *Free* Loveseat","","","",""
"4526734180442","milly-living-room-set","UPDATE","Milly Living Room Set","Mstar","living room sets-sale","33447822131290","31795045662810","MERGE","Room Configuration","Sofa + Loveseat + Chair","","","",""
"4529237426266","rusty-sectional","UPDATE","Rusty Sectional","Craftmaster","sectionals-sale","33456874258522","31802405781594","MERGE","Sectional Configuration","Left-Arm Facing Loveseat + Pie Wedge + Right-Arm Facing Sofa","","","",""
"4529237426266","rusty-sectional","UPDATE","Rusty Sectional","Craftmaster","sectionals-sale","33456874291290","31802405814362","MERGE","Sectional Configuration","Right-Arm Facing Loveseat + Pie Wedge + Left-Arm Facing Sofa","","","",""
"4529280155738","kara-loveseat","UPDATE","Kara Loveseat","Klaussner","loveseats-sale","33457110876250","31802616283226","MERGE","Title","Default Title","","","",""
"4526751318106","muffy-living-room-set","UPDATE","Muffy Living Room Set","Mstar","living room sets-sale","33447866663002","31795080560730","MERGE","Room Configuration","Sofa + Bonus: *Free* Loveseat","","","",""
"4526751318106","muffy-living-room-set","UPDATE","Muffy Living Room Set","Mstar","living room sets-sale","33447866728538","31795080626266","MERGE","Room Configuration","Sofa + Loveseat + Chair","","","",""
"4529281302618","kara-chair","UPDATE","Kara Chair","Klaussner","Chairs-sale","33457118969946","31802622902362","MERGE","Title","Default Title","","","",""
"4529288937562","kara-living-room-set","UPDATE","Kara Living Room Set","Klaussner","living room sets-sale","33457165271130","31802662846554","MERGE","Sofa Bed Option","Queen Sofa Bed","Room Configuration","Sofa + Loveseat + Chair + Ottoman","",""
"4529288937562","kara-living-room-set","UPDATE","Kara Living Room Set","Klaussner","living room sets-sale","33457165303898","31802662879322","MERGE","Sofa Bed Option","Queen Sofa Bed","Room Configuration","Sofa + Loveseat + Chair","",""
"4529288937562","kara-living-room-set","UPDATE","Kara Living Room Set","Klaussner","living room sets-sale","33457165336666","31802662912090","MERGE","Sofa Bed Option","Queen Sofa Bed","Room Configuration","Sofa + Loveseat + Ottoman","",""
"4529288937562","kara-living-room-set","UPDATE","Kara Living Room Set","Klaussner","living room sets-sale","33457165369434","31802662944858","MERGE","Sofa Bed Option","Queen Sofa Bed","Room Configuration","Sofa + Loveseat","",""
"4529288937562","kara-living-room-set","UPDATE","Kara Living Room Set","Klaussner","living room sets-sale","33457165402202","31802662977626","MERGE","Sofa Bed Option","None","Room Configuration","Sofa + Loveseat + Chair + Ottoman","",""
"4529288937562","kara-living-room-set","UPDATE","Kara Living Room Set","Klaussner","living room sets-sale","33457165434970","31802663010394","MERGE","Sofa Bed Option","None","Room Configuration","Sofa + Loveseat + Chair","",""
"4529288937562","kara-living-room-set","UPDATE","Kara Living Room Set","Klaussner","living room sets-sale","33457165467738","31802663043162","MERGE","Sofa Bed Option","None","Room Configuration","Sofa + Loveseat + Ottoman","",""
"4529288937562","kara-living-room-set","UPDATE","Kara Living Room Set","Klaussner","living room sets-sale","33457165533274","31802663075930","MERGE","Sofa Bed Option","None","Room Configuration","Sofa + Loveseat","",""
"4529282056282","kara-ottoman","UPDATE","Kara Ottoman","Klaussner","Ottomans-sale","33457122672730","31802627129434","MERGE","Title","Default Title","","","",""
"4529473060954","jayceon-living-room-set","UPDATE","Jayceon Living Room Set with Bonus: *Free* Ottoman","Ashley","living room sets-sale","33457883218010","31803220066394","MERGE","Sectional Configuration","Left-Arm Facing Corner Chaise + Armless Loveseat + Right-Arm Facing Sofa","","","",""
"4529473060954","jayceon-living-room-set","UPDATE","Jayceon Living Room Set with Bonus: *Free* Ottoman","Ashley","living room sets-sale","33457883250778","31803220099162","MERGE","Sectional Configuration","Right-Arm Facing Corner Chaise + Armless Loveseat + Left-Arm Facing Sofa","","","",""
"4530482053210","drystan-narrow-chest","UPDATE","Drystan Narrow Chest","Ashley","chests-narrow-sale","33461395226714","31806185701466","MERGE","Title","Default Title","","","",""
"4530482085978","drystan-mirror","UPDATE","Drystan Mirror","Ashley","mirrors-sale","33461395193946","31806185734234","MERGE","Add-On Item","None","","","",""
"4530482085978","drystan-mirror","UPDATE","Drystan Mirror","Ashley","mirrors-sale","33461395259482","31806185767002","MERGE","Add-On Item","Dresser","","","",""
"4530482118746","drystan-dresser","UPDATE","Drystan Dresser","Ashley","dressers-sale","33461395292250","31806185799770","MERGE","Add-On Item","None","","","",""
"4530482118746","drystan-dresser","UPDATE","Drystan Dresser","Ashley","dressers-sale","33461395325018","31806185832538","MERGE","Add-On Item","Mirror","","","",""
"4530482380890","drystan-chest","UPDATE","Drystan Chest","Ashley","chests-sale","33461396963418","31806187307098","MERGE","Title","Default Title","","","",""
"4530482151514","drystan-bedroom-set","UPDATE","Drystan Bedroom Set","Ashley","bedroom sets-sale","33461395357786","31806185898074","MERGE","Bed Size","King","Storage Type","Under Bed Storage","Room Configuration","Bed + 2 Nightstands + Dresser + Mirror + Chest"
"4530482151514","drystan-bedroom-set","UPDATE","Drystan Bedroom Set","Ashley","bedroom sets-sale","33461395390554","31806185930842","MERGE","Bed Size","King","Storage Type","Under Bed Storage","Room Configuration","Bed + 2 Nightstands + Dresser + Mirror"
"4530482151514","drystan-bedroom-set","UPDATE","Drystan Bedroom Set","Ashley","bedroom sets-sale","33461395423322","31806185963610","MERGE","Bed Size","King","Storage Type","Under Bed Storage","Room Configuration","Bed + Nightstand + Dresser + Mirror + Chest"
"4530482151514","drystan-bedroom-set","UPDATE","Drystan Bedroom Set","Ashley","bedroom sets-sale","33461395456090","31806185996378","MERGE","Bed Size","King","Storage Type","Under Bed Storage","Room Configuration","Bed + 2 Nightstands"
"4530482151514","drystan-bedroom-set","UPDATE","Drystan Bedroom Set","Ashley","bedroom sets-sale","33461395521626","31806186029146","MERGE","Bed Size","Queen","Storage Type","Under Bed Storage","Room Configuration","Bed + 2 Nightstands + Dresser + Mirror + Chest"
"4530482151514","drystan-bedroom-set","UPDATE","Drystan Bedroom Set","Ashley","bedroom sets-sale","33461395554394","31806186061914","MERGE","Bed Size","Queen","Storage Type","Under Bed Storage","Room Configuration","Bed + Bonus: 2 *Free* Nightstands + Dresser + Mirror"
"4530482151514","drystan-bedroom-set","UPDATE","Drystan Bedroom Set","Ashley","bedroom sets-sale","33461395587162","31806186094682","MERGE","Bed Size","Queen","Storage Type","Under Bed Storage","Room Configuration","Bed + Nightstand + Dresser + Mirror + Chest"
"4530482151514","drystan-bedroom-set","UPDATE","Drystan Bedroom Set","Ashley","bedroom sets-sale","33461395619930","31806186127450","MERGE","Bed Size","Queen","Storage Type","Under Bed Storage","Room Configuration","Bed + 2 Nightstands"
"4530482151514","drystan-bedroom-set","UPDATE","Drystan Bedroom Set","Ashley","bedroom sets-sale","33461395652698","31806186160218","MERGE","Bed Size","Full","Storage Type","Under Bed Storage","Room Configuration","Bed + 2 Nightstands + Dresser + Mirror + Chest"
"4530482151514","drystan-bedroom-set","UPDATE","Drystan Bedroom Set","Ashley","bedroom sets-sale","33461395685466","31806186192986","MERGE","Bed Size","Full","Storage Type","Under Bed Storage","Room Configuration","Bed + 2 Nightstands + Dresser + Mirror"
"4530482151514","drystan-bedroom-set","UPDATE","Drystan Bedroom Set","Ashley","bedroom sets-sale","33461395718234","31806186225754","MERGE","Bed Size","Full","Storage Type","Under Bed Storage","Room Configuration","Bed + Nightstand + Dresser + Mirror + Chest"
"4530482151514","drystan-bedroom-set","UPDATE","Drystan Bedroom Set","Ashley","bedroom sets-sale","33461395751002","31806186258522","MERGE","Bed Size","Full","Storage Type","Under Bed Storage","Room Configuration","Bed + 2 Nightstands"
"4530482151514","drystan-bedroom-set","UPDATE","Drystan Bedroom Set","Ashley","bedroom sets-sale","33461395783770","31806186291290","MERGE","Bed Size","Twin","Storage Type","Under Bed Storage","Room Configuration","Bed + 2 Nightstands + Dresser + Mirror + Chest"
"4530482151514","drystan-bedroom-set","UPDATE","Drystan Bedroom Set","Ashley","bedroom sets-sale","33461395816538","31806186324058","MERGE","Bed Size","Twin","Storage Type","Under Bed Storage","Room Configuration","Bed + 2 Nightstands + Dresser + Mirror"
"4530482151514","drystan-bedroom-set","UPDATE","Drystan Bedroom Set","Ashley","bedroom sets-sale","33461395849306","31806186356826","MERGE","Bed Size","Twin","Storage Type","Under Bed Storage","Room Configuration","Bed + Nightstand + Dresser + Mirror + Chest"
"4530482151514","drystan-bedroom-set","UPDATE","Drystan Bedroom Set","Ashley","bedroom sets-sale","33461395882074","31806186389594","MERGE","Bed Size","Twin","Storage Type","Under Bed Storage","Room Configuration","Bed + 2 Nightstands"
"4530482151514","drystan-bedroom-set","UPDATE","Drystan Bedroom Set","Ashley","bedroom sets-sale","33461395914842","31806186422362","MERGE","Bed Size","King","Storage Type","None","Room Configuration","Bed + 2 Nightstands + Dresser + Mirror + Chest"
"4530482151514","drystan-bedroom-set","UPDATE","Drystan Bedroom Set","Ashley","bedroom sets-sale","33461395947610","31806186455130","MERGE","Bed Size","King","Storage Type","None","Room Configuration","Bed + 2 Nightstands + Dresser + Mirror"
"4530482151514","drystan-bedroom-set","UPDATE","Drystan Bedroom Set","Ashley","bedroom sets-sale","33461395980378","31806186487898","MERGE","Bed Size","King","Storage Type","None","Room Configuration","Bed + Nightstand + Dresser + Mirror + Chest"
"4530482151514","drystan-bedroom-set","UPDATE","Drystan Bedroom Set","Ashley","bedroom sets-sale","33461396013146","31806186520666","MERGE","Bed Size","King","Storage Type","None","Room Configuration","Bed + 2 Nightstands"
"4530482151514","drystan-bedroom-set","UPDATE","Drystan Bedroom Set","Ashley","bedroom sets-sale","33461396045914","31806186553434","MERGE","Bed Size","Queen","Storage Type","None","Room Configuration","Bed + 2 Nightstands + Dresser + Mirror + Chest"
"4530482151514","drystan-bedroom-set","UPDATE","Drystan Bedroom Set","Ashley","bedroom sets-sale","33461396078682","31806186586202","MERGE","Bed Size","Queen","Storage Type","None","Room Configuration","Bed + 2 Nightstands + Dresser + Mirror"
"4530482151514","drystan-bedroom-set","UPDATE","Drystan Bedroom Set","Ashley","bedroom sets-sale","33461396111450","31806186618970","MERGE","Bed Size","Queen","Storage Type","None","Room Configuration","Bed + Nightstand + Dresser + Mirror + Chest"
"4530482151514","drystan-bedroom-set","UPDATE","Drystan Bedroom Set","Ashley","bedroom sets-sale","33461396144218","31806186651738","MERGE","Bed Size","Queen","Storage Type","None","Room Configuration","Bed + 2 Nightstands"
"4530482151514","drystan-bedroom-set","UPDATE","Drystan Bedroom Set","Ashley","bedroom sets-sale","33461396176986","31806186684506","MERGE","Bed Size","Full","Storage Type","None","Room Configuration","Bed + 2 Nightstands + Dresser + Mirror + Chest"
"4530482151514","drystan-bedroom-set","UPDATE","Drystan Bedroom Set","Ashley","bedroom sets-sale","33461396209754","31806186717274","MERGE","Bed Size","Full","Storage Type","None","Room Configuration","Bed + 2 Nightstands + Dresser + Mirror"
"4530482151514","drystan-bedroom-set","UPDATE","Drystan Bedroom Set","Ashley","bedroom sets-sale","33461396242522","31806186750042","MERGE","Bed Size","Full","Storage Type","None","Room Configuration","Bed + Nightstand + Dresser + Mirror + Chest"
"4530482151514","drystan-bedroom-set","UPDATE","Drystan Bedroom Set","Ashley","bedroom sets-sale","33461396275290","31806186782810","MERGE","Bed Size","Full","Storage Type","None","Room Configuration","Bed + 2 Nightstands"
"4530482151514","drystan-bedroom-set","UPDATE","Drystan Bedroom Set","Ashley","bedroom sets-sale","33461396308058","31806186815578","MERGE","Bed Size","Twin","Storage Type","None","Room Configuration","Bed + 2 Nightstands + Dresser + Mirror + Chest"
"4530482151514","drystan-bedroom-set","UPDATE","Drystan Bedroom Set","Ashley","bedroom sets-sale","33461396340826","31806186848346","MERGE","Bed Size","Twin","Storage Type","None","Room Configuration","Bed + 2 Nightstands + Dresser + Mirror"
"4530482151514","drystan-bedroom-set","UPDATE","Drystan Bedroom Set","Ashley","bedroom sets-sale","33461396373594","31806186881114","MERGE","Bed Size","Twin","Storage Type","None","Room Configuration","Bed + Nightstand + Dresser + Mirror + Chest"
"4530482151514","drystan-bedroom-set","UPDATE","Drystan Bedroom Set","Ashley","bedroom sets-sale","33461396406362","31806186913882","MERGE","Bed Size","Twin","Storage Type","None","Room Configuration","Bed + 2 Nightstands"
"4530482479194","drystan-queen-size-bed","UPDATE","Drystan Queen-Size Bed","Ashley","beds-queen-sale","33461397192794","31806187470938","MERGE","Storage Type","Under Bed Storage","","","",""
"4530482479194","drystan-queen-size-bed","UPDATE","Drystan Queen-Size Bed","Ashley","beds-queen-sale","33461397225562","31806187503706","MERGE","Storage Type","None","","","",""
"4530482446426","drystan-king-size-bed","UPDATE","Drystan King-Size Bed","Ashley","beds-king-sale","33461397127258","31806187405402","MERGE","Storage Type","Under Bed Storage","","","",""
"4530482446426","drystan-king-size-bed","UPDATE","Drystan King-Size Bed","Ashley","beds-king-sale","33461397160026","31806187438170","MERGE","Storage Type","None","","","",""
"4530482544730","drystan-full-size-bed","UPDATE","Drystan Full-Size Bed","Ashley","beds-full-sale","33461397291098","31806187569242","MERGE","Storage Type","Under Bed Storage","","","",""
"4530482544730","drystan-full-size-bed","UPDATE","Drystan Full-Size Bed","Ashley","beds-full-sale","33461397323866","31806187602010","MERGE","Storage Type","None","","","",""
"4530482577498","drystan-twin-size-bed","UPDATE","Drystan Twin-Size Bed","Ashley","beds-twin-sale","33461397356634","31806187634778","MERGE","Storage Type","Under Bed Storage","","","",""
"4530482577498","drystan-twin-size-bed","UPDATE","Drystan Twin-Size Bed","Ashley","beds-twin-sale","33461397389402","31806187667546","MERGE","Storage Type","None","","","",""
"4530482610266","drystan-nightstand","UPDATE","Drystan Nightstand","Ashley","nightstands-sale","33461397422170","31806187700314","MERGE","Title","Default Title","","","",""
"4535013834842","hyndell-extendable-rectangular-dining-room-table","UPDATE","Hyndell Extendable Rectangular Dining Room Table","Ashley","tables-dining-sale","33480456699994","31818505879642","MERGE","Title","Default Title","","","",""
"4535013867610","hyndell-dining-set","UPDATE","Hyndell Dining Set","Ashley","sets-dining-sale","33480456732762","31818505945178","MERGE","Room Configuration","Table + 8 Side Chairs","","","",""
"4535013867610","hyndell-dining-set","UPDATE","Hyndell Dining Set","Ashley","sets-dining-sale","33480456765530","31818505977946","MERGE","Room Configuration","Table + 4 Side Chairs + Bonus: 2 *Free* Side Chairs","","","",""
"4535013867610","hyndell-dining-set","UPDATE","Hyndell Dining Set","Ashley","sets-dining-sale","33480456798298","31818506043482","MERGE","Room Configuration","Table + 4 Side Chairs","","","",""
"4535013900378","hyndell-dining-upholstered-side-chair-2-count","UPDATE","Hyndell Dining Upholstered Side Chair (2 Count)","Ashley","chairs-side-sale","33480456831066","31818505912410","MERGE","Title","Default Title","","","",""
"4535013965914","hyndell-dining-server-cabinet","UPDATE","Hyndell Dining Server Cabinet","Ashley","cabinets-server-sale","33480456896602","31818506076250","MERGE","Title","Default Title","","","",""
